"ID","Type","SKU","Name","Published","Is featured?","Visibility in catalog","Short description","Description","Date sale price starts","Date sale price ends","Tax status","Tax class","In stock?","Stock","Low stock amount","Backorders allowed?","Sold individually?","Weight (kg)","Length (cm)","Width (cm)","Height (cm)","Allow customer reviews?","Purchase note","Sale price","Regular price","Categories","Tags","Shipping class","Images","Download limit","Download expiry days","Parent","Grouped products","Upsells","Cross - sells","External URL","Button text","Position","Attribute 1 name","Attribute 1 value(s)","Attribute 1 visible","Attribute 1 global"
,,,"18K Gold Plated Rectangle Charm Necklace",,,,,"Gender:Women
Quantity:1 piece
Style:Fashionable
Details:Geometric
Type:Pendant Necklaces
Material:Copper
Color:Gold
Metals Type:K-Gold",,,,,,,,,,,,,,,,,"AU$4.95",,,,"https://img.ltwebstatic.com/images3_pi/2021/07/04/16254122657e47da004622be4d6aad98c1ad3ff2c9.jpg,https://img.ltwebstatic.com/images3_pi/2021/07/04/1625412267f2763e927eb03799dec691c7cd969226.jpg,https://img.ltwebstatic.com/images3_pi/2021/07/04/162541226817e4f45c7cc0fe7503fcb62aeb88c8c2.jpg",,,,,,,,,,,"40-45 cm",,
,,,"18K Gold Plated Letter Detail Heart Charm Necklace",,,,,"Gender:Women
Quantity:1 piece
Style:Fashionable
Details:Heart
Type:Pendant Necklaces
Material:Copper
Color:Gold
Metals Type:K-Gold",,,,,,,,,,,,,,,,,"AU$4.95",,,,"https://img.ltwebstatic.com/images3_pi/2021/12/23/164024839389afe62b2c18d7dd38c7c82240b9468f.jpg,https://img.ltwebstatic.com/images3_pi/2021/12/23/1640248395f6cb410f907198c74302c50fee0cdc7e.jpg,https://img.ltwebstatic.com/images3_pi/2021/12/23/1640248398ac7c8de7f568acaea59cf76a6a0fce3f.jpg",,,,,,,,,,,"40-45 cm",,
,,,"Men Structured Pendant Necklace",,,,,"Gender:Men
Quantity:1 piece
Style:Fashionable
Type:Pendant Necklaces
Material:Stainless Steel
Color:Black
Metals Type:K-Gold",,,,,,,,,,,,,,,,,"AU$7.95",,,,"https://img.ltwebstatic.com/images3_pi/2021/09/15/1631688245fbb25c867af1f98ddb00a3211997d615.jpg,https://img.ltwebstatic.com/images3_pi/2021/09/15/16316882486d2339b6461736261fc1341d3742825a.jpg,https://img.ltwebstatic.com/images3_pi/2021/09/15/16316882492e27c91fa4d350dbf7c117791f4291df.jpg",,,,,,,,,,,"60 cm",,
,,,"MOTF PREMIUM 2PCS 14K GOLD PLATED MINIMALIST NECKLACE",,,,,"Gender:Women
Quantity:2 pcs
Style:Fashionable
Type:Pendant Necklaces
Material:Stainless Steel
Color:Gold
Metals Type:K-Gold",,,,,,,,,,,,,,,,,"AU$10.95",,,,"https://img.ltwebstatic.com/images3_pi/2022/01/14/1642136788f83b10106364410889b835dd1085169a.jpg,https://img.ltwebstatic.com/images3_pi/2022/03/08/164672191061a5c9e6684f4f48b3cc87077039be9a.jpg,https://img.ltwebstatic.com/images3_pi/2022/01/14/1642136789ee0bb2137c9d2a15dda7f45a2f7256b0.jpg,https://img.ltwebstatic.com/images3_pi/2022/03/08/16467219123f7862ad06ff0bce735366331bcaca02.jpg,https://img.ltwebstatic.com/images3_pi/2022/01/14/1642136796f9775f1b13177262a53e7a4f68b2582f.jpg,https://img.ltwebstatic.com/images3_pi/2022/01/14/1642136793c055fbb866d50c9dbe3e9545dc9eaf6a.jpg,https://img.ltwebstatic.com/images3_pi/2022/01/14/164213679249f7d98a55576dbcbd9b045efcea2c7f.jpg,https://img.ltwebstatic.com/images3_pi/2022/01/14/1642136795cf15dfca7c83ab2fbdce287748b2e908.jpg",,,,,,,,,,,"45 cm",,
,,,"MOTF PREMIUM 14K GOLD PLATED MINIMALIST LAYERED NECKLACE",,,,,"Gender:Women
Quantity:3 pcs
Material:Stainless Steel
Color:Gold
Metals Type:K-Gold",,,,,,,,,,,,,,,,,"AU$12.95",,,,"https://img.ltwebstatic.com/images3_pi/2021/07/29/1627526686a8b123ac95754cf7786dc1b674728a75.jpg,https://img.ltwebstatic.com/images3_pi/2021/07/29/16275266887c1151f1504f53d5a19ce959e601233e.jpg,https://img.ltwebstatic.com/images3_pi/2021/07/29/1627526691613a57a1c4bf7a3e8aff8bce0e460f8b.jpg,https://img.ltwebstatic.com/images3_pi/2021/07/29/1627526694b6aea6e0d9af2e68e3442013bb9bda21.jpg,https://img.ltwebstatic.com/images3_pi/2021/07/29/1627526696ce6ec3f67de6b86a9607504cf6d32692.jpg",,,,,,,,,,,"46 cm",,
,,,"18K Gold Plated Zircon Square Charm Necklace",,,,,"Gender:Women
Quantity:1 piece
Style:Fashionable
Details:Geometric
Type:Pendant Necklaces
Magnetic:No
Material:Copper
Color:Gold
Metals Type:K-Gold
Metals Type:Artificial Zircon",,,,,,,,,,,,,,,,,"AU$5.95",,,,"https://img.ltwebstatic.com/images3_pi/2022/05/17/16527643202008c6e6af48d54cfc9d2fbd9f9ce51b.jpg,https://img.ltwebstatic.com/images3_pi/2022/05/17/1652764321f0a713a6002e335ac770db146b36ec6a.jpg,https://img.ltwebstatic.com/images3_pi/2022/05/17/16527643229d931a5ab8eaf4e1a00665b4a1ed31e7.jpg,https://img.ltwebstatic.com/images3_pi/2022/05/17/1652764323197c3e7ec1eb897208e5d4618a4c976d.jpg,https://img.ltwebstatic.com/images3_pi/2022/05/17/16527643258a56fe70f7dae57872bc9259a5e21cb2.jpg,https://img.ltwebstatic.com/images3_pi/2022/05/17/1652764337b5e467b835e2c33e68913f0171b5d623.jpg,https://img.ltwebstatic.com/images3_pi/2022/05/17/1652764351aca6d8e7ec53b6d245dc969de94d108a.jpg",,,,,,,,,,,"40-46 cm",,
,,,"Letter Charm Necklace",,,,,"Gender:Women
Quantity:1 piece
Style:Fashionable
Details:Letter
Type:Pendant Necklaces
Material:Copper
Color:Gold
Metals Type:K-Gold",,,,,,,,,,,,,,,,,"AU$4.95",,,,"https://img.ltwebstatic.com/images3_pi/2021/09/14/1631631568161f61d58d4d73fa1da2bef26bad728a.jpg,https://img.ltwebstatic.com/images3_pi/2021/09/14/1631631569a2b70ca6cda47bbb541a7ec64c37bbab.jpg,https://img.ltwebstatic.com/images3_pi/2021/09/14/1631631571277429a48b96f08f9981c7deabf77fcf.jpg",,,,,,,,,,,"40-45 cm",,
,,,"Minimalist Chain Necklace",,,,,"Gender:Women
Quantity:1 piece
Style:Elegant
Type:Chain Necklaces
Material:Stainless Steel
Color:Silver
Metals Type:K-Gold",,,,,,,,,,,,,,,,,"AU$5.95",,,,"https://img.ltwebstatic.com/images3_pi/2022/04/12/1649754618e056c81dca201038ba0df3c4c2a558ad.jpg,https://img.ltwebstatic.com/images3_pi/2022/04/12/1649754622599bf54ebdc35799b9837df282ace7e9.jpg,https://img.ltwebstatic.com/images3_pi/2022/04/12/164975462455267d6178b1fd230a42db172c723994.jpg,https://img.ltwebstatic.com/images3_pi/2022/04/12/16497546258c0975ea8f2186aeeabac4c7cc2cb881.jpg",,,,,,,,,,,"46 cm",,
,,,"18K Gold Plated Zircon Decor Necklace",,,,,"Gender:Women
Quantity:1 piece
Style:Fashionable
Type:Chain Necklaces
Material:Copper
Color:Multicolor
Metals Type:K-Gold",,,,,,,,,,,,,,,,,"AU$5.95",,,,"https://img.ltwebstatic.com/images3_pi/2021/12/30/16408292446bd3e6e901a454705abcbedbba3ca8c4.jpg,https://img.ltwebstatic.com/images3_pi/2021/12/30/16408292453f3b284fcd67e1d0d52225a2f9e7ffa8.jpg,https://img.ltwebstatic.com/images3_pi/2021/12/30/16408292476244c0cb36afb7e936f1b604718030c8.jpg",,,,,,,,,,,"36-41 cm",,
,,,"18K Gold Plated Zircon Lock Charm Necklace",,,,,"Gender:Women
Quantity:1 piece
Style:Fashionable
Type:Pendant Necklaces
Material:Copper
Color:Gold
Metals Type:K-Gold",,,,,,,,,,,,,,,,,"AU$5.95",,,,"https://img.ltwebstatic.com/images3_pi/2022/01/09/164169965949ccbeb5450bf59808d20e1135f2818d.jpg,https://img.ltwebstatic.com/images3_pi/2022/01/09/16416996612ea1e5474cb90dee3387ede9c25ff80b.jpg,https://img.ltwebstatic.com/images3_pi/2022/01/09/1641699663045c26ff65cc114da0dc028e4272652d.jpg",,,,,,,,,,,"45-50 cm",,
,,,"14K Gold Plated Minimalist Layered Necklace",,,,,"Gender:Women
Quantity:1 piece
Style:Elegant
Type:Layer Sets
Material:Stainless Steel
Color:Gold
Metals Type:K-Gold",,,,,,,,,,,,,,,,,"AU$3.95",,,,"https://img.ltwebstatic.com/images3_pi/2022/03/24/164811314700cf55e00689b9a5116cebfdc75554e5.jpg,https://img.ltwebstatic.com/images3_pi/2022/03/24/16481131496e422511c9d705a9806acf796cb7782b.jpg,https://img.ltwebstatic.com/images3_pi/2022/03/24/1648113152726b2f27a07e5a3a25fba0072b1b6b93.jpg",,,,,,,,,,,"39-44 cm",,
,,,"MOTF PREMIUM 14K GOLD PLATED ROUND PENDANT NECKLACE",,,,,"Gender:Women
Quantity:1 piece
Style:Fashionable
Details:Round
Type:Pendant Necklaces
Material:Stainless Steel
Color:Gold
Metals Type:K-Gold",,,,,,,,,,,,,,,,,"AU$12.95",,,,"https://img.ltwebstatic.com/images3_pi/2022/04/20/16504194966c7de25c7e34853bd7540d7beab516c8.jpg,https://img.ltwebstatic.com/images3_pi/2022/05/23/16532860921904a93ca04817b48c955e86dfd4ba84.jpg,https://img.ltwebstatic.com/images3_pi/2022/04/20/1650419535dffddfeacfdb923989bbada1c02d20b5.jpg,https://img.ltwebstatic.com/images3_pi/2022/04/20/165041954035f805521ef9b401dd858be7dde59553.jpg,https://img.ltwebstatic.com/images3_pi/2022/05/23/165328609429a5a8f54be0908908a695bcc5bc6970.jpg,https://img.ltwebstatic.com/images3_pi/2022/05/23/1653286095d7729aa6354e466f08372a14b1ced49d.jpg,https://img.ltwebstatic.com/images3_pi/2022/05/23/1653286097d79b85a21bc4b5d8ebda6bded7965368.jpg,https://img.ltwebstatic.com/images3_pi/2022/04/20/1650419523ea0c66a1e1b925191a57b50eb41c3463.jpg,https://img.ltwebstatic.com/images3_pi/2022/05/23/1653286099c16d00669cfc94be05504c2265687a16.jpg,https://img.ltwebstatic.com/images3_pi/2022/05/23/1653286101347ce0849e639630de5f0fb6ea7a8d88.jpg,https://img.ltwebstatic.com/images3_pi/2022/04/20/1650419516e76f19b6d2659045420042dd73b93f86.jpg,https://img.ltwebstatic.com/images3_pi/2022/04/20/165041955554a2edbce8e23a11c3a27ab4b7b652ed.jpg",,,,,,,,,,,"45 cm",,
,,,"Gold Plated Minimalist Necklace",,,,,"Gender:Women
Quantity:1 piece
Style:Fashionable
Type:Chain Necklaces
Magnetic:No
Material:Copper
Color:Gold
Metals Type:K-Gold",,,,,,,,,,,,,,,,,"AU$3.95",,,,"https://img.ltwebstatic.com/images3_pi/2022/03/14/1647250751675ffd716f877c33020febe2544514cc.jpg,https://img.ltwebstatic.com/images3_pi/2022/03/14/16472507548fe011f4839140c66d62a2a6c9ba4f0f.jpg,https://img.ltwebstatic.com/images3_pi/2022/03/14/16472507558f432dfd4ec7d60a5caeab031a147cdb.jpg",,,,,,,,,,,"50 cm",,
,,,"Men Platinum Plated Minimalist Necklace",,,,,"Gender:Men
Gender:Women
Quantity:1 piece
Style:Fashionable
Type:Chain Necklaces
Material:Stainless Steel
Color:Silver
Metals Type:K-Gold",,,,,,,,,,,,,,,,,"AU$1.95",,,,"https://img.ltwebstatic.com/images3_pi/2021/09/15/1631686301a81878237c7faf7dd2759cf94b90627a.jpg,https://img.ltwebstatic.com/images3_pi/2021/09/15/16316863038ee29e74faf1ed2cc64fd5f0811223c0.jpg,https://img.ltwebstatic.com/images3_pi/2021/09/15/16316863050fa41944d0cc1d36dd2dba4992aa9e12.jpg,https://img.ltwebstatic.com/images3_pi/2021/09/15/1631686306b1530c6bebe4a85efb3d12a3abd59be0.jpg",,,,,,,,,,,"60 cm",,
,,,"MOTF PREMIUM 18K GOLD PLATED ZIRCON LETTER PENDANT NECKLACE",,,,,"Gender:Women
Quantity:1 piece
Style:Fashionable
Details:Letter
Type:Pendant Necklaces
Material:Copper Alloy
Color:Gold
Metals Type:K-Gold",,,,,,,,,,,,,,,,,"AU$10.95",,,,"https://img.ltwebstatic.com/images3_pi/2022/03/09/1646812388ee6c3c255789b04bed7a10e94f5c7537.jpg,https://img.ltwebstatic.com/images3_pi/2022/03/09/16468123867b9a4a75b9c798b13eab92fcf04be633.jpg,https://img.ltwebstatic.com/images3_pi/2022/03/09/1646812385983bf41a528d578d44458516497d0659.jpg,https://img.ltwebstatic.com/images3_pi/2022/03/09/1646812389f5b393cb6412f91e505a57e5b593ca17.jpg,https://img.ltwebstatic.com/images3_pi/2022/03/09/1646812390c8fafe5dd2346faa985cb15914fd8916.jpg,https://img.ltwebstatic.com/images3_pi/2022/03/09/164681239103fdc6a02e5eeb9d318e000f9f249f23.jpg",,,,,,,,,,,"45 cm",,
,,,"14K Gold Plated Rhinestone Pendant Necklace",,,,,"Gender:Women
Quantity:1 piece
Style:Fashionable
Type:Pendant Necklaces
Material:Stainless Steel
Color:Gold
Metals Type:K-Gold",,,,,,,,,,,,,,,,,"AU$4.95",,,,"https://img.ltwebstatic.com/images3_pi/2022/04/11/1649671026065ef73ad69097530787d744b7c8b601.jpg,https://img.ltwebstatic.com/images3_pi/2022/04/11/1649671028630bc4b5e870d3105acfb7feea3bf6ea.jpg,https://img.ltwebstatic.com/images3_pi/2022/04/11/164967103065267179f7c1dd0a79647d9431a4e84a.jpg,https://img.ltwebstatic.com/images3_pi/2022/04/11/164967103192876e93cadd607fc1931298a5ffe16f.jpg",,,,,,,,,,,"38-43 cm",,
,,,"MOTF PREMIUM 18K GOLD PLATED FAUX PEARL DECOR LETTER CHARM NECKLACE",,,,,"Gender:Women
Quantity:1 piece
Style:Elegant
Details:Letter
Details:Pearls
Type:Pendant Necklaces
Magnetic:No
Material:Copper
Color:Gold
Metals Type:K-Gold",,,,,,,,,,,,,,,,,"AU$16.95",,,,"https://img.ltwebstatic.com/images3_pi/2022/04/18/1650247215e65866d508fbd05c94e083e4dca3cfe6.jpg,https://img.ltwebstatic.com/images3_pi/2022/05/26/1653561884e1e287490c88b45ae22a8e73f73f664d.jpg,https://img.ltwebstatic.com/images3_pi/2022/04/18/16502472220cc9a2dcb4662a710de44163d084dc66.jpg,https://img.ltwebstatic.com/images3_pi/2022/05/26/1653561886c18b6e1503011eadb929833504969f02.jpg,https://img.ltwebstatic.com/images3_pi/2022/04/18/165024722627b001bdeb5d72f4fad0368542957c65.jpg,https://img.ltwebstatic.com/images3_pi/2022/05/26/16535618886d74daaab17dba6daa7a4816930e6f81.jpg,https://img.ltwebstatic.com/images3_pi/2022/04/18/1650247220cbd80e26cc12ecade978010a445dd61b.jpg,https://img.ltwebstatic.com/images3_pi/2022/05/26/1653561890c66e32858b5889961f9ec718e51b28b3.jpg,https://img.ltwebstatic.com/images3_pi/2022/05/26/16535618915e8eca88269767c3f66560b4de734527.jpg,https://img.ltwebstatic.com/images3_pi/2022/04/18/1650247217d331c2e9213e86c48d275630a7471160.jpg,https://img.ltwebstatic.com/images3_pi/2022/04/18/1650247223c138de8b576dd56be648f4d7828e001b.jpg,https://img.ltwebstatic.com/images3_pi/2022/05/26/16535618948805dd7b49cd86474e8ae661c14be0a1.jpg",,,,,,,,,,,"46.2 cm",,
,,,"18K Gold Plated Zircon Flower Charm Necklace",,,,,"Gender:Women
Quantity:1 piece
Style:Fashionable
Details:Flowers
Type:Pendant Necklaces
Magnetic:No
Material:Copper
Color:Gold
Metals Type:K-Gold
Metals Type:Artificial Zircon",,,,,,,,,,,,,,,,,"AU$3.95",,,,"https://img.ltwebstatic.com/images3_pi/2022/05/17/1652764213849e6f5cfd44eaaf1140bae81e3cb274.jpg,https://img.ltwebstatic.com/images3_pi/2022/05/17/1652764214694a18c9ef0bf6552fc26eb9ed6ebe1f.jpg,https://img.ltwebstatic.com/images3_pi/2022/05/17/16527642154cb5bb0ae353532676b7087b0f9987e5.jpg,https://img.ltwebstatic.com/images3_pi/2022/05/17/1652764216d3bff5c9d89cbf31d78c7645947ac1b0.jpg",,,,,,,,,,,"40-46 cm",,
,,,"2pcs 14K Gold Plated Minimalist Necklace",,,,,"Gender:Women
Quantity:2 pcs
Style:Elegant
Material:Stainless Steel
Color:Gold
Metals Type:K-Gold",,,,,,,,,,,,,,,,,"AU$1.95",,,,"https://img.ltwebstatic.com/images3_pi/2021/12/27/1640598999b982b0094bc72db2f50b57d765df6c32.jpg,https://img.ltwebstatic.com/images3_pi/2021/12/27/164059900434f273cbab444693df9ff3e15c65da0b.jpg,https://img.ltwebstatic.com/images3_pi/2021/12/27/164059900661267af9f3f4b476319c22b2a1317ac3.jpg",,,,,,,,,,,"39-44 cm",,
,,,"Men 18K Gold Plated Minimalist Necklace",,,,,"Gender:Women
Quantity:1 piece
Style:Elegant
Material:Copper
Color:Gold
Metals Type:K-Gold",,,,,,,,,,,,,,,,,"AU$4.95",,,,"https://img.ltwebstatic.com/images3_pi/2022/05/09/165208555766d9ee16446fcf45225ab6f7fb350747.jpg,https://img.ltwebstatic.com/images3_pi/2022/05/09/165208555865666be23335c6d3267493bb29a48528.jpg,https://img.ltwebstatic.com/images3_pi/2022/05/09/16520855598c6f4c73bdef22fed4dd847d53c5d8a3.jpg,https://img.ltwebstatic.com/images3_pi/2022/05/09/16520855648e26691e0a7d6d7a7afbc2ffef1cb994.jpg",,,,,,,,,,,"41-46 cm",,
,,,"Rhinestone Round Charm Necklace",,,,,"Gender:Women
Quantity:1 piece
Style:Fashionable
Details:Rhinestone
Type:Pendant Necklaces
Material:Stainless Steel
Color:Rose Gold
Metals Type:K-Gold",,,,,,,,,,,,,,,,,"AU$4.95",,,,"https://img.ltwebstatic.com/images3_pi/2021/12/21/16400543910d0fac44aeef5de507b0d6471ee98392.jpg,https://img.ltwebstatic.com/images3_pi/2021/12/21/1640054393e42117f36c1ce1fa9b66463a2b8db207.jpg,https://img.ltwebstatic.com/images3_pi/2021/12/21/1640054394451567e942f88841bcebdd2406401387.jpg",,,,,,,,,,,"39-44 cm",,
,,,"18K Gold Plated Heart Zircon Charm Necklace",,,,,"Gender:Women
Quantity:1 piece
Style:Fashionable
Details:Heart
Details:Rhinestone
Type:Pendant Necklaces
Material:Artificial Zircon
Color:Silver
Metals Type:K-Gold",,,,,,,,,,,,,,,,,"AU$4.95",,,,"https://img.ltwebstatic.com/images3_pi/2021/11/05/1636100964f103d042603540352f6b510b571c1f72.jpg,https://img.ltwebstatic.com/images3_pi/2021/11/05/1636100975e0e28ca102aa33d4498a954aa8c003b1.jpg,https://img.ltwebstatic.com/images3_pi/2021/11/05/163610097838db5ec0d37b79e501e2ae248f26bb8a.jpg",,,,,,,,,,,"45.5 cm",,
,,,"Natural Pearl Beaded Necklace",,,,,"Gender:Women
Quantity:1 piece
Style:Elegant
Details:Pearls
Material:Natural Pearl
Color:White
Metals Type:K-Gold",,,,,,,,,,,,,,,,,"AU$9.95",,,,"https://img.ltwebstatic.com/images3_pi/2022/04/12/16497552517b5aaf8ba975de2e12291275d99a8f66.jpg,https://img.ltwebstatic.com/images3_pi/2022/04/12/164975525344742c3d1024890b933a909d077ae0b6.jpg,https://img.ltwebstatic.com/images3_pi/2022/04/12/16497552549e6f48b5d67489482ace947775fae6ce.jpg",,,,,,,,,,,"53-61 cm",,
,,,"18K Gold Plated Heart & Letter Decor Necklace",,,,,"Gender:Women
Quantity:1 piece
Style:Fashionable
Details:Heart
Details:Letter
Type:Pendant Necklaces
Material:Stainless Steel
Color:Gold
Metals Type:K-Gold",,,,,,,,,,,,,,,,,"AU$4.95",,,,"https://img.ltwebstatic.com/images3_pi/2021/12/22/16401592446213328bd09e367c8201c7b949655631.jpg,https://img.ltwebstatic.com/images3_pi/2021/12/21/164006905342303f697e8bd23e796b50969e8847f1.jpg,https://img.ltwebstatic.com/images3_pi/2021/12/22/164015924615b9f491748e535c354b45fe0c36af54.jpg,https://img.ltwebstatic.com/images3_pi/2021/12/21/16400690571905f7ee8177a2d46588d4b7a320b1bc.jpg,https://img.ltwebstatic.com/images3_pi/2021/12/21/16400690557ab564c9e5c24c40ce65d749c14e1556.jpg",,,,,,,,,,,"45 cm",,
,,,"18K Gold Plated Geometric Decor Layered Necklace",,,,,"Gender:Women
Quantity:1 piece
Style:Fashionable
Type:Layer Sets
Material:Stainless Steel
Color:Gold
Metals Type:K-Gold",,,,,,,,,,,,,,,,,"AU$6.95",,,,"https://img.ltwebstatic.com/images3_pi/2022/02/28/1646015818c8b9365fde0dc78aab4f3ea0b8806a42.jpg,https://img.ltwebstatic.com/images3_pi/2022/02/28/1646015819cd62e768ae9098f57a5f4e3ebfe0e991.jpg,https://img.ltwebstatic.com/images3_pi/2022/02/28/1646015820ca7eadce4793cd0a9cae94357b8d77c7.jpg,https://img.ltwebstatic.com/images3_pi/2022/02/28/1646015821c06a7612b35ae8abd24e8579ea48d2ae.jpg",,,,,,,,,,,"39-44 cm",,
,,,"Water-drop Gemstone Charm Necklace",,,,,"Gender:Women
Quantity:1 piece
Details:Gemstone
Type:Pendant Necklaces
Material:Copper
Color:Dark Green
Metals Type:Zircon",,,,,,,,,,,,,,,,,"AU$2.95",,,,"https://img.ltwebstatic.com/images3_pi/2021/06/17/1623911356c184ac6d5840e21b440b18753b8ed495.jpg,https://img.ltwebstatic.com/images3_pi/2021/06/17/162391135937a1a972406f7f0b6e6ce7babbbfd3a0.jpg,https://img.ltwebstatic.com/images3_pi/2021/06/17/16239113611c9e6bc3855f1d2ad15692fc56bab98b.jpg,https://img.ltwebstatic.com/images3_pi/2021/06/17/16239113647e6ed792562fd8711b0936760e311e7e.jpg",,,,,,,,,,,"45-50 cm",,
,,,"MOTF PREMIUM 2PCS 14K GOLD PLATED FIGURE CHARM NECKLACE",,,,,"Gender:Women
Quantity:2 pcs
Style:Fashionable
Details:Round
Type:Pendant Necklaces
Material:Copper
Color:Gold
Metals Type:K-Gold",,,,,,,,,,,,,,,,,"AU$12.95",,,,"https://img.ltwebstatic.com/images3_pi/2022/02/21/1645410115614065d7fac0fdfa556799f23cc11cde.jpg,https://img.ltwebstatic.com/images3_pi/2022/02/07/1644198207caf2be8907c5559839ed6837af2d4cf5.jpg,https://img.ltwebstatic.com/images3_pi/2022/02/07/1644198211c4d3f8f63b2bb07e38f6fd98948a7e89.jpg,https://img.ltwebstatic.com/images3_pi/2022/02/07/16441982109f43b161acd18efab85dcf7440260c28.jpg,https://img.ltwebstatic.com/images3_pi/2021/12/21/16400767556e11fed53e066c074830359aed805f35.jpg,https://img.ltwebstatic.com/images3_pi/2022/02/07/16441982087c37bbc124a1469b4a6f0887cf0efaeb.jpg",,,,,,,,,,,"42 cm",,
,,,"18K Gold Plated Water-drop Charm Layered Necklace",,,,,"Gender:Women
Quantity:1 piece
Style:Fashionable
Details:Rhinestone
Type:Layer Sets
Magnetic:No
Material:Copper
Color:Gold
Metals Type:K-Gold",,,,,,,,,,,,,,,,,"AU$7.95",,,,"https://img.ltwebstatic.com/images3_pi/2022/05/09/16520759062ae3955bf9d6ec2f739fb235c031f7b8.jpg,https://img.ltwebstatic.com/images3_pi/2022/05/09/16520759081fea76ad0cbcb941cbe3f7526ddb9d9e.jpg,https://img.ltwebstatic.com/images3_pi/2022/05/09/1652075909030ffa359ae88f91b41dd8ff91330d70.jpg,https://img.ltwebstatic.com/images3_pi/2022/05/09/165207591151ef5054e11a1a3048ce82d17be85ede.jpg",,,,,,,,,,,"37-42 cm",,
,,,"18K Gold Plated Turquoise Charm Necklace",,,,,"Gender:Women
Quantity:1 piece
Style:Fashionable
Details:Round
Details:Turquoise Texture
Type:Pendant Necklaces
Magnetic:No
Material:Copper
Color:Blue
Metals Type:K-Gold",,,,,,,,,,,,,,,,,"AU$5.95",,,,"https://img.ltwebstatic.com/images3_pi/2022/04/13/1649837744ffc35d3dbed78e367aee2338991cc807.jpg,https://img.ltwebstatic.com/images3_pi/2022/04/13/16498377453a1c646b88c51973872dcaced6432e22.jpg,https://img.ltwebstatic.com/images3_pi/2022/04/13/16498377464e02d58cd803d59ab188787427bd97cb.jpg",,,,,,,,,,,"40-45 cm",,
,,,"14K Gold Plated Minimalist Necklace",,,,,"Gender:Women
Quantity:1 piece
Style:Elegant
Type:Chain Necklaces
Material:Stainless Steel
Color:Gold
Metals Type:K-Gold",,,,,,,,,,,,,,,,,"AU$3.95",,,,"https://img.ltwebstatic.com/images3_pi/2022/03/02/16461914182e67d64cf47231f7cae39fc88ce33e4a.jpg,https://img.ltwebstatic.com/images3_pi/2022/03/02/16461914248fe7a67f1eee17eb2f54e08408e5cccc.jpg,https://img.ltwebstatic.com/images3_pi/2022/03/02/164619142983d8e614f46640bc0a713bfc2e720ba9.jpg,https://img.ltwebstatic.com/images3_pi/2022/03/02/1646191435c6ef54cef041497704422f50f1a2ef39.jpg",,,,,,,,,,,"51 cm",,
,,,"18K Gold Plated Rhinestone Decor Necklace",,,,,"Gender:Women
Quantity:1 piece
Style:Fashionable
Type:Chain Necklaces
Material:Copper
Color:Multicolor
Metals Type:K-Gold",,,,,,,,,,,,,,,,,"AU$5.95",,,,"https://img.ltwebstatic.com/images3_pi/2022/03/23/1648027764cbc4c24866a01d637c2bd857ba04cae8.jpg,https://img.ltwebstatic.com/images3_pi/2022/03/23/164802776552da0edfc88639ebfee1da657d284f22.jpg,https://img.ltwebstatic.com/images3_pi/2022/03/23/1648027766b46808a10c98d58ff4475647e76b6efa.jpg",,,,,,,,,,,"38-43 cm",,
,,,"Men 18K Gold Plated Chain Necklace",,,,,"Quantity:1 piece
Style:Fashionable
Type:Chain Necklaces
Magnetic:No
Material:Copper
Color:Gold
Metals Type:K-Gold",,,,,,,,,,,,,,,,,"AU$10.95",,,,"https://img.ltwebstatic.com/images3_pi/2022/03/07/16466335702a220220b2bd5471222a41c9f4b6696a.jpg,https://img.ltwebstatic.com/images3_pi/2022/03/07/1646633571733ff36f9b5118f5960446bca833f175.jpg,https://img.ltwebstatic.com/images3_pi/2022/03/07/1646633573617944b64939b73493993a07b2441aef.jpg",,,,,,,,,,,"50 cm",,
,,,"Men Zircon Decor Necklace",,,,,"Gender:Men
Quantity:1 piece
Style:Fashionable
Material:Copper
Color:Silver
Metals Type:K-Gold",,,,,,,,,,,,,,,,,"AU$10.95",,,,"https://img.ltwebstatic.com/images3_pi/2022/05/10/165218008137827f4cc4ced5205204951529500d63.jpg,https://img.ltwebstatic.com/images3_pi/2022/05/10/16521800809b98c89c6306fa8fc2a9f61317baa905.jpg,https://img.ltwebstatic.com/images3_pi/2022/05/10/165218008352467c1a28727046aaa7ad3942c207f2.jpg,https://img.ltwebstatic.com/images3_pi/2022/05/10/165218008524a6a00cf40a12418535f36978b833a5.jpg",,,,,,,,,,,"66 cm",,
,,,"14K Gold Plated Beaded Necklace",,,,,"Gender:Women
Quantity:1 piece
Style:Fashionable
Details:Heart
Type:Pendant Necklaces
Material:Copper
Color:Multicolor
Metals Type:K-Gold",,,,,,,,,,,,,,,,,"AU$8.95",,,,"https://img.ltwebstatic.com/images3_pi/2021/12/07/1638868826056039f845d4eb9564fc5dd4408e9b97.jpg,https://img.ltwebstatic.com/images3_pi/2021/12/07/16388688296339d88cd8a60c2bb0dca8995cb32660.jpg,https://img.ltwebstatic.com/images3_pi/2021/12/07/16388688324a0c915d520233d733e00737ae90645e.jpg,https://img.ltwebstatic.com/images3_pi/2021/12/07/163886883599f78e8d0c1020b4b25db622183fa06d.jpg",,,,,,,,,,,"42 cm",,
,,,"18K Gold Plated Roman Numerals Detail Chain Necklace",,,,,"Gender:Women
Quantity:1 piece
Style:Fashionable
Details:Round
Type:Chain Necklaces
Magnetic:No
Material:Copper
Color:Multicolor
Metals Type:K-Gold",,,,,,,,,,,,,,,,,"AU$5.95",,,,"https://img.ltwebstatic.com/images3_pi/2022/04/21/1650520666f69c021539c0a4b41c5e444b2239a1bf.jpg,https://img.ltwebstatic.com/images3_pi/2022/04/21/1650520667cf52f05e317349e5764fc3cc74f48b1c.jpg,https://img.ltwebstatic.com/images3_pi/2022/04/21/16505206685e1ca5bcc0b5df256291d39532ae4804.jpg,https://img.ltwebstatic.com/images3_pi/2022/04/21/1650520669b2b4d0a000d88a5efb0ca1579e6c69ee.jpg",,,,,,,,,,,"38-43 cm",,
,,,"Hourglass Detail Pendant Necklace",,,,,"Gender:Women
Quantity:1 piece
Material:Zinc Alloy
Color:Gold
Metals Type:K-Gold",,,,,,,,,,,,,,,,,"AU$4.95",,,,"https://img.ltwebstatic.com/images3_pi/2021/12/13/1639375030627e741de534b79235c3b154efb20c14.jpg,https://img.ltwebstatic.com/images3_pi/2021/12/13/1639375032b58518f0790ed393e7d2ac6b44756636.jpg,https://img.ltwebstatic.com/images3_pi/2021/12/13/1639375033805a5e6f383f89ef9ccdd110bda813ad.jpg",,,,,,,,,,,"66.3 cm",,
,,,"MOTF PREMIUM 2pcs 14K GOLD PLATED ROUND PENDANT NECKLACE",,,,,"Gender:Women
Quantity:2 pcs
Style:Fashionable
Type:Pendant Necklaces
Type:Layer Sets
Material:Stainless Steel
Color:Gold
Metals Type:K-Gold",,,,,,,,,,,,,,,,,"AU$10.95",,,,"https://img.ltwebstatic.com/images3_pi/2022/01/14/164213677717b82b44af3587c1dd6d0a78b2c6047c.jpg,https://img.ltwebstatic.com/images3_pi/2022/03/08/164672207132d54700bf18e8c20d1eff275c6053f8.jpg,https://img.ltwebstatic.com/images3_pi/2022/01/14/1642136783cfc4ae54eb2d14f6081f730798277c04.jpg,https://img.ltwebstatic.com/images3_pi/2022/03/08/16467220735549bb42b4100508c6472c2dfe7666d1.jpg,https://img.ltwebstatic.com/images3_pi/2022/01/14/16421367805c8244440c47c5d1ddd037c89170d29d.jpg,https://img.ltwebstatic.com/images3_pi/2022/01/14/164213678562fedf632cd464b2f0c42107901728cb.jpg,https://img.ltwebstatic.com/images3_pi/2022/01/14/1642136778c6475faad568bc8b5decfde462313ca1.jpg,https://img.ltwebstatic.com/images3_pi/2022/01/14/164213678145a445ffb427d47b405100612625de85.jpg,https://img.ltwebstatic.com/images3_pi/2022/03/08/1646722075dc2704eff7731ef09a55fca9035f009b.jpg",,,,,,,,,,,"48 cm",,
,,,"18K Gold Plated Geo Charm Necklace",,,,,"Gender:Women
Quantity:1 piece
Style:Fashionable
Details:Geometric
Type:Pendant Necklaces
Material:Copper
Color:Gold
Metals Type:K-Gold",,,,,,,,,,,,,,,,,"AU$4.95",,,,"https://img.ltwebstatic.com/images3_pi/2021/12/09/16390219368e3226a367151060f7615093ba96cb87.jpg,https://img.ltwebstatic.com/images3_pi/2021/10/25/1635147690ab0c2dceefb953d183c014d1f3477f0e.jpg,https://img.ltwebstatic.com/images3_pi/2021/10/25/1635147700e97899b3937dd45448daf0f233c2fdc6.jpg",,,,,,,,,,,"46-51 cm",,
,,,"18K Gold Plated Minimalist Necklace",,,,,"Gender:Women
Quantity:1 piece
Style:Elegant
Type:Chain Necklaces
Material:Copper
Color:Gold
Metals Type:K-Gold",,,,,,,,,,,,,,,,,"AU$5.95",,,,"https://img.ltwebstatic.com/images3_pi/2022/04/13/1649845688cdd9a37df8604a885211c82972166f5b.jpg,https://img.ltwebstatic.com/images3_pi/2022/04/13/164984568948b4c603e65393d8ecdc8c742c27e34b.jpg,https://img.ltwebstatic.com/images3_pi/2022/04/13/1649845692f77caca4d3038544ab8db58522e20418.jpg,https://img.ltwebstatic.com/images3_pi/2022/04/13/164984569480fa0639b504e23232e8f4a78ae19e8e.jpg",,,,,,,,,,,"41-46 cm",,
,,,"Natural Pearl Beaded Necklace",,,,,"Gender:Women
Quantity:1 piece
Style:Glamorous
Details:Pearls
Material:Natural Pearl
Color:White
Metals Type:Natural Pearl",,,,,,,,,,,,,,,,,"AU$9.95",,,,"https://img.ltwebstatic.com/images3_pi/2022/02/22/164550139647b2acefddeec490ef5e50def18d1acc.jpg,https://img.ltwebstatic.com/images3_pi/2022/02/22/16455013976f43bfa208be89c409250c2cc5ee3a62.jpg,https://img.ltwebstatic.com/images3_pi/2022/02/22/164550139920189a4a1fc51eec5950c2d14e3b2882.jpg",,,,,,,,,,,"45-48 cm",,
,,,"18K Gold Plated Twist Chain Necklace",,,,,"Gender:Women
Quantity:1 piece
Style:Elegant
Details:Twist
Type:Chain Necklaces
Material:Copper
Color:Gold
Metals Type:K-Gold",,,,,,,,,,,,,,,,,"AU$5.95",,,,"https://img.ltwebstatic.com/images3_pi/2022/03/15/1647333062b7bfde534e7b34cccb6f953378bc3116.jpg,https://img.ltwebstatic.com/images3_pi/2022/03/15/164733306571298ca241e972bf469dcd6cb3298e22.jpg,https://img.ltwebstatic.com/images3_pi/2022/03/15/164733306758bf62e6b068fd86351ae7d6edfeb09f.jpg",,,,,,,,,,,"40-45 cm",,
,,,"Minimalist Solid Necklace",,,,,"Quantity:1 piece
Material:Stainless Steel
Color:Gold
Metals Type:K-Gold",,,,,,,,,,,,,,,,,"AU$3.95",,,,"https://img.ltwebstatic.com/images3_pi/2021/12/28/164068544573a26e59fd8fdaae5d5a0de725f166c1.jpg,https://img.ltwebstatic.com/images3_pi/2021/12/28/16406854544d241a0e53f2c6b2f8ba3c20ceb70edb.jpg,https://img.ltwebstatic.com/images3_pi/2021/12/28/1640685459b489e4449332652de6d34ad6e7d68f79.jpg",,,,,,,,,,,"50 cm",,
,,,"14K Gold Plated Turquoise Decor Round Charm Necklace",,,,,"Gender:Women
Quantity:1 piece
Style:Fashionable
Details:Round
Type:Pendant Necklaces
Material:Stainless Steel
Color:Gold
Metals Type:K-Gold",,,,,,,,,,,,,,,,,"AU$5.95",,,,"https://img.ltwebstatic.com/images3_pi/2022/04/21/1650506338e7ebff05ba7db4cf7b894668c990d1be.jpg,https://img.ltwebstatic.com/images3_pi/2022/04/21/16505063399146c739d1c0245d6673713c1821897f.jpg,https://img.ltwebstatic.com/images3_pi/2022/04/21/16505063416de5fa47bf30db10295491f4ecf1fb5e.jpg,https://img.ltwebstatic.com/images3_pi/2022/04/21/1650506343edb8c87c50a607fbb0b2faeb51183b03.jpg",,,,,,,,,,,"41.5-47.5 cm",,
,,,"Zircon Charm Necklace",,,,,"Gender:Women
Quantity:1 piece
Style:Fashionable
Details:Rhinestone
Type:Pendant Necklaces
Material:Stainless Steel
Color:Red
Metals Type:Artificial Zircon",,,,,,,,,,,,,,,,,"AU$2.95",,,,"https://img.ltwebstatic.com/images3_pi/2021/10/22/1634893024cff076f2ddb76b90d71a9743fc2c1f9e.jpg,https://img.ltwebstatic.com/images3_pi/2021/10/22/16348930277c171ec7ace1ee40529e8ce4ab649d14.jpg,https://img.ltwebstatic.com/images3_pi/2021/10/22/1634893030509a4c14bc05df2ebeaeaa5b3d85e9ec.jpg",,,,,,,,,,,"45 cm",,
,,,"MOTF PREMIUM 14K GOLD PLATED ROUND BALL CHARM NECKLACE",,,,,"Gender:Women
Quantity:1 piece
Style:Glamorous
Type:Y-Necks + Lariats
Material:Stainless Steel
Color:Gold
Metals Type:K-Gold",,,,,,,,,,,,,,,,,"AU$6.95",,,,"https://img.ltwebstatic.com/images3_pi/2021/07/29/1627526680ea65877e905b98e15e103fefd9ce4d6e.jpg,https://img.ltwebstatic.com/images3_pi/2021/07/29/1627526683326223d6d6247d0155fe3ac706883988.jpg,https://img.ltwebstatic.com/images3_pi/2021/07/29/16275266860845a758b4960e9591d125d1e2a1b1b6.jpg,https://img.ltwebstatic.com/images3_pi/2021/07/29/16275266899f5f961202ec07356ab9eae4df21d511.jpg,https://img.ltwebstatic.com/images3_pi/2021/07/29/1627526691b61cf50976f3a4d82add2971ec96c084.jpg,https://img.ltwebstatic.com/images3_pi/2021/07/29/16275266934f3578cd36a30c53d9c24d6758f13d4e.jpg",,,,,,,,,,,"31 cm",,
,,,"MOTF PREMIUM 18K GOLD PLATED CIRCLE DECOR NECKLACE",,,,,"Gender:Women
Quantity:1 piece
Style:Fashionable
Material:Copper
Color:Gold
Metals Type:925 Silver",,,,,,,,,,,,,,,,,"AU$16.95",,,,"https://img.ltwebstatic.com/images3_pi/2022/03/16/16473970404c35b68fd28d6a73f6c2c67da9f52978.jpg,https://img.ltwebstatic.com/images3_pi/2022/04/12/16497501160be0d3c42695ac68b89d3fa1e81eb429.jpg,https://img.ltwebstatic.com/images3_pi/2022/03/16/164739704317c7bdec779934fb0c6c66a3ac0f0034.jpg,https://img.ltwebstatic.com/images3_pi/2022/03/16/164739704521535e9de6e87d7f7ee8219bb0b2b1c4.jpg,https://img.ltwebstatic.com/images3_pi/2022/03/16/1647397047d0ed16f5ab63343bc1284b841eb16a9a.jpg,https://img.ltwebstatic.com/images3_pi/2022/03/16/16473970485a7686806859354086c342d9e6151c7f.jpg,https://img.ltwebstatic.com/images3_pi/2022/03/16/16473970429d6e7a090bc4f3684041f064134b9b0b.jpg",,,,,,,,,,,"47 cm",,
,,,"18K Gold Plated Zircon Decor Necklace",,,,,"Gender:Women
Quantity:1 piece
Style:Fashionable
Type:Pendant Necklaces
Material:Copper
Color:Gold
Metals Type:K-Gold",,,,,,,,,,,,,,,,,"AU$7.95",,,,"https://img.ltwebstatic.com/images3_pi/2022/06/09/1654759687c733f3c481d56cb9510f1945b7810f2c.jpg,https://img.ltwebstatic.com/images3_pi/2022/06/09/165475968926b9a6821bc975bbd669d7191038f76c.jpg,https://img.ltwebstatic.com/images3_pi/2022/06/09/1654759691909475ef18b211cd4f96a4f2c19070df.jpg,https://img.ltwebstatic.com/images3_pi/2022/06/09/1654759693c5d37aeb3f4ba8821849938114189fa5.jpg,https://img.ltwebstatic.com/images3_pi/2022/06/09/165475969505f38fa38ed42e90a904ed7646b92ce6.jpg",,,,,,,,,,,"45-50 cm",,
,,,"2pcs 18K Gold Plated Geo Charm Necklace",,,,,"Gender:Women
Quantity:2 pcs
Style:Fashionable
Details:Geometric
Type:Pendant Necklaces
Material:Stainless Steel
Color:Gold
Metals Type:K-Gold",,,,,,,,,,,,,,,,,"AU$5.95",,,,"https://img.ltwebstatic.com/images3_pi/2021/11/03/1635911942635a3525b4d8e35b3c57f09a7f819289.jpg,https://img.ltwebstatic.com/images3_pi/2021/11/03/1635911954c7a8f2c07f065784c87aebbd72fe8832.jpg,https://img.ltwebstatic.com/images3_pi/2021/11/03/163591198218ff6c1c33ccbb961015ef7704725f51.jpg,https://img.ltwebstatic.com/images3_pi/2021/11/03/16359120142698fe066b7bfbb81da7eede80e4a299.jpg",,,,,,,,,,,"44 cm",,
,,,"14K Gold Plated Butterfly Charm Necklace",,,,,"Gender:Women
Quantity:1 piece
Style:Fashionable
Details:Butterfly
Type:Pendant Necklaces
Material:Stainless Steel
Color:Gold
Metals Type:K-Gold",,,,,,,,,,,,,,,,,"AU$5.95",,,,"https://img.ltwebstatic.com/images3_pi/2022/03/02/1646213535681e0f7e56b6b0c18963ace2fcb6ec28.jpg,https://img.ltwebstatic.com/images3_pi/2022/03/02/16462135375f5c12a1cc8c672d3340e0036d82962f.jpg,https://img.ltwebstatic.com/images3_pi/2022/03/02/1646213539ab16e477b728edf0df335e4c04576823.jpg",,,,,,,,,,,"45-50 cm",,
,,,"14K Gold Plated Rhinestone Layered Necklace",,,,,"Gender:Women
Quantity:1 piece
Style:Fashionable
Details:Rhinestone
Type:Layer Sets
Material:Stainless Steel
Color:Gold
Metals Type:K-Gold",,,,,,,,,,,,,,,,,"AU$4.95",,,,"https://img.ltwebstatic.com/images3_pi/2021/12/29/1640763831e8b19c1fdacf72ee3996d7edffbd0aea.jpg,https://img.ltwebstatic.com/images3_pi/2021/12/29/16407638325fc901a65ba763aecb33b37cfeb81033.jpg,https://img.ltwebstatic.com/images3_pi/2021/12/29/16407638337643fc5fcfc6d2810359f129984d70c8.jpg",,,,,,,,,,,"39-44 cm",,
,,,"18K Gold Plated Necklace",,,,,"Gender:Women
Quantity:1 piece
Details:Round
Type:Chain Necklaces
Material:Stainless Steel
Color:Gold
Metals Type:K-Gold",,,,,,,,,,,,,,,,,"AU$3.95",,,,"https://img.ltwebstatic.com/images3_pi/2021/12/22/1640159249b4dca6558fe260793b4ae881f9b26480.jpg,https://img.ltwebstatic.com/images3_pi/2021/12/06/16387847048e5ba7f2b2ebf34a87398ce5f9bff679.jpg,https://img.ltwebstatic.com/images3_pi/2021/12/06/163878469911ed6abd15e6ce82714d2dc55223478c.jpg,https://img.ltwebstatic.com/images3_pi/2021/12/06/163878470145db8de0a00a898897cf751b9949e80c.jpg,https://img.ltwebstatic.com/images3_pi/2021/12/22/16401592505e19ef95ce1897e1016e2f8d65caf3e0.jpg",,,,,,,,,,,"42 cm",,
,,,"18K Gold Plated Disc Charm Layered Necklace",,,,,"Gender:Women
Quantity:1 piece
Style:Fashionable
Details:Round
Type:Pendant Necklaces
Type:Layer Sets
Material:Copper
Color:Gold
Metals Type:K-Gold",,,,,,,,,,,,,,,,,"AU$6.95",,,,"https://img.ltwebstatic.com/images3_pi/2022/05/10/16521690567b671976c02f4d01a5649631280fba5c.jpg,https://img.ltwebstatic.com/images3_pi/2022/05/10/165216905715e650097af7889869fc8d75c29360b6.jpg,https://img.ltwebstatic.com/images3_pi/2022/05/10/16521690591552decb2bd619fc14703deedf6380f8.jpg,https://img.ltwebstatic.com/images3_pi/2022/05/10/1652169060695e0fb4aa4a3f3d92dad67190e619c8.jpg",,,,,,,,,,,"40-46 cm",,
,,,"Zircon Heart Charm Necklace",,,,,"Gender:Women
Quantity:1 piece
Style:Glamorous
Details:Gemstone
Details:Heart
Type:Pendant Necklaces
Material:Copper
Color:Silver
Metals Type:Zircon",,,,,,,,,,,,,,,,,"AU$3.95",,,,"https://img.ltwebstatic.com/images3_pi/2021/12/16/1639641379336328b15408da7a08afad8b18a686e4.jpg,https://img.ltwebstatic.com/images3_pi/2021/12/16/16396413924776ccd62175e305d303a596eb9b88d7.jpg,https://img.ltwebstatic.com/images3_pi/2021/12/16/1639641398e9a2302ba25c2f47578119f626d60ce1.jpg",,,,,,,,,,,"45 cm",,
,,,"18K Gold Plated Butterfly Charm Necklace",,,,,"Gender:Women
Quantity:1 piece
Style:Fashionable
Details:Butterfly
Type:Pendant Necklaces
Material:Stainless Steel
Color:Gold
Metals Type:K-Gold",,,,,,,,,,,,,,,,,"AU$3.95",,,,"https://img.ltwebstatic.com/images3_pi/2021/10/29/1635477710bf97c157ac76a522d85eb08037c27b67.jpg,https://img.ltwebstatic.com/images3_pi/2021/10/29/16354777117041b4ec8fe6194ff583dfa0e0685f8f.jpg,https://img.ltwebstatic.com/images3_pi/2021/10/29/16354777136e2112130e50aa63cc713ed2c09cbc8a.jpg,https://img.ltwebstatic.com/images3_pi/2021/10/29/1635477716eb32c38284a5f3196965301c4e8bfaf7.jpg",,,,,,,,,,,"42 cm",,
,,,"18K Gold Plated Zircon Fox Charm Necklace",,,,,"Gender:Women
Quantity:2 pcs
Style:Fashionable
Details:Rhinestone
Type:Pendant Necklaces
Material:Copper
Color:Gold
Metals Type:K-Gold",,,,,,,,,,,,,,,,,"AU$3.95",,,,"https://img.ltwebstatic.com/images3_pi/2021/10/25/16351540934cd227261ce23a10ad5bd11736af2dcf.jpg,https://img.ltwebstatic.com/images3_pi/2021/10/25/163515409432ec4a823cc9b5ce7972daab6a74f8f0.jpg,https://img.ltwebstatic.com/images3_pi/2021/10/25/1635154097dac787b56ab228d2ad5b29f32cedfa8c.jpg",,,,,,,,,,,"40-45 cm",,
,,,"18K Gold Plated Letter Detail Round Charm Necklace",,,,,"Gender:Women
Quantity:1 piece
Style:Fashionable
Details:Round
Type:Pendant Necklaces
Material:Stainless Steel
Color:Gold
Metals Type:K-Gold",,,,,,,,,,,,,,,,,"AU$3.95",,,,"https://img.ltwebstatic.com/images3_pi/2021/10/28/163541322866c2252a338492dc81a931cd08832511.jpg,https://img.ltwebstatic.com/images3_pi/2021/10/28/1635413231f055b0462809341907bcdd56380796ff.jpg,https://img.ltwebstatic.com/images3_pi/2021/10/28/16354132322101af07d64187c5f1c2644daa84118f.jpg",,,,,,,,,,,"45.5 cm",,
,,,"MOTF PREMIUM 14K GOLD PLATED LAYERED NECKLACE",,,,,"Gender:Women
Quantity:1 piece
Material:Stainless Steel
Color:Gold
Metals Type:K-Gold",,,,,,,,,,,,,,,,,"AU$12.95",,,,"https://img.ltwebstatic.com/images3_pi/2021/07/29/1627526784d2631a4514d35b1d6d7cc65b680ead3a.jpg,https://img.ltwebstatic.com/images3_pi/2021/09/02/163057994529da9cab9eca791cdadb4e9206ec3ce2.jpg,https://img.ltwebstatic.com/images3_pi/2021/09/02/1630579947148ed4a4ac45c21254a2cae844aa943b.jpg,https://img.ltwebstatic.com/images3_pi/2021/09/02/16305799487b7dc2db01a63df6820b24b7e48c1793.jpg,https://img.ltwebstatic.com/images3_pi/2021/07/29/162752678624728ced40c5d8d8f2ad854cdcbc508a.jpg,https://img.ltwebstatic.com/images3_pi/2021/07/29/16275267920a3f8c755851988550d57026da955bb7.jpg,https://img.ltwebstatic.com/images3_pi/2021/07/29/162752678971b8279ba852daf78203519825ff93a7.jpg,https://img.ltwebstatic.com/images3_pi/2021/09/02/163057995299f4a9201bc3ed1e79df1998eae0351c.jpg",,,,,,,,,,,"44 cm",,
,,,"14K Gold Plated Letter & Rhinestone Decor Heart Charm Necklace",,,,,"Gender:Women
Quantity:1 piece
Style:Fashionable
Details:Heart
Details:Letter
Details:Rhinestone
Type:Pendant Necklaces
Magnetic:No
Material:Stainless Steel
Color:Gold
Metals Type:K-Gold
Metals Type:Artificial Zircon",,,,,,,,,,,,,,,,,"AU$3.95",,,,"https://img.ltwebstatic.com/images3_pi/2022/04/08/164938255300387f075de2ab40b17d987f451a6345.jpg,https://img.ltwebstatic.com/images3_pi/2022/04/08/164938255503fd720add1eee27e74e40c5fafc13a9.jpg,https://img.ltwebstatic.com/images3_pi/2022/04/08/164938255699f79cc2003b6a9395bcedae38345995.jpg",,,,,,,,,,,"41-47 cm",,
,,,"18K Gold Plated Pearl Pendant Necklace",,,,,"Gender:Women
Quantity:1 piece
Style:Fashionable
Details:Pearls
Type:Pendant Necklaces
Material:Copper
Color:Gold
Metals Type:K-Gold",,,,,,,,,,,,,,,,,"AU$2.95",,,,"https://img.ltwebstatic.com/images3_pi/2021/10/19/16346227887e0505ec41e7ca932260ba857108766e.jpg,https://img.ltwebstatic.com/images3_pi/2021/10/19/1634622790c53d4410a1001992645578f87a5df018.jpg,https://img.ltwebstatic.com/images3_pi/2021/10/19/16346227918a43458a54bd5282397dbcceda762851.jpg",,,,,,,,,,,"40-45 cm",,
,,,"Natural Pearl Beaded Necklace",,,,,"Gender:Women
Quantity:1 piece
Details:Beaded
Type:Beaded
Type:Pendant Necklaces
Material:Natural Pearl
Color:Beige
Metals Type:Natural Pearl",,,,,,,,,,,,,,,,,"AU$10.95",,,,"https://img.ltwebstatic.com/images3_pi/2021/12/05/1638685021049cf603fb6dafb41518871c0c467aa0.jpg,https://img.ltwebstatic.com/images3_pi/2021/12/05/163868502621f83f7f335564ddb399d9aecdd441c0.jpg,https://img.ltwebstatic.com/images3_pi/2021/12/05/1638685022fcfea43468daf32b8cc1eff5a9a34269.jpg,https://img.ltwebstatic.com/images3_pi/2021/12/05/16386850257d052d2c6d095271c1c87a0002f9a999.jpg,https://img.ltwebstatic.com/images3_pi/2021/12/05/16386850281772421fb605c39faae398a1f6a84df1.jpg",,,,,,,,,,,"38-46 cm",,
,,,"Natural Pearl Decor Necklace",,,,,"Gender:Women
Quantity:1 piece
Style:Glamorous
Details:Pearls
Type:Chain Necklaces
Material:Natural Pearl
Color:White
Metals Type:K-Gold",,,,,,,,,,,,,,,,,"AU$11.95",,,,"https://img.ltwebstatic.com/images3_pi/2022/04/13/16498393466ad7e8fca0031f21ac3961fe1be5bb8c.jpg,https://img.ltwebstatic.com/images3_pi/2022/04/13/164983934848bdc0816daa11be837a80101e0472dd.jpg,https://img.ltwebstatic.com/images3_pi/2022/04/13/164983935067efed0d033a9f0ce5c3dba9b08c4910.jpg",,,,,,,,,,,"60-108 cm",,
,,,"18K Gold Plated Zircon Decor Necklace",,,,,"Quantity:1 piece
Material:Copper
Color:Gold
Metals Type:K-Gold",,,,,,,,,,,,,,,,,"AU$10.95",,,,"https://img.ltwebstatic.com/images3_pi/2021/12/28/164066273372d91e04dcf0dd84ce0030d5c0bb28d5.jpg,https://img.ltwebstatic.com/images3_pi/2021/12/28/1640662735553e6dcbac66744aa4329a540275af95.jpg,https://img.ltwebstatic.com/images3_pi/2021/12/28/164066273740b45bc72feec93e447fe0fa18ef4fca.jpg",,,,,,,,,,,"32.6-37.6 cm",,
,,,"MOTF PREMIUM 14K GOLD PLATED NECKLACE",,,,,"Gender:Women
Quantity:1 piece
Material:Iron Alloy
Color:Gold
Metals Type:K-Gold",,,,,,,,,,,,,,,,,"AU$10.95",,,,"https://img.ltwebstatic.com/images3_pi/2021/09/27/1632721532578cf2cbbc9f47427ac74bfd755785e0.jpg,https://img.ltwebstatic.com/images3_pi/2021/09/06/1630893470b687dcaef7c4c2c8d12ecc1665c18c42.jpg,https://img.ltwebstatic.com/images3_pi/2021/09/27/1632721535649b45ab92c0e31d9109362fab6e589f.jpg,https://img.ltwebstatic.com/images3_pi/2021/09/27/1632721540a37834d9c12593cd4f79bdd1799ef3f1.jpg,https://img.ltwebstatic.com/images3_pi/2021/09/27/163272154303c428a8ed93f4dc72b17dad1ed0c928.jpg,https://img.ltwebstatic.com/images3_pi/2021/09/27/1632721546d752d9915db81f32c2204db40c8dc331.jpg,https://img.ltwebstatic.com/images3_pi/2021/09/06/1630893476c3844548359a90723237869a775210aa.jpg,https://img.ltwebstatic.com/images3_pi/2021/09/06/1630893469ff747655a295ac4f6787c6a78f050c67.jpg,https://img.ltwebstatic.com/images3_pi/2021/09/06/1630893472904c2af081ed0de23c927130dd93ea19.jpg",,,,,,,,,,,"44.5 cm",,
,,,"14K Gold Plated Natural Pearl Beaded Necklace",,,,,"Gender:Women
Quantity:1 piece
Style:Fashionable
Details:Flowers
Details:Pearls
Type:Beaded
Material:Natural Pearl
Color:White
Metals Type:K-Gold",,,,,,,,,,,,,,,,,"AU$20.95",,,,"https://img.ltwebstatic.com/images3_pi/2022/04/14/164990355170425a973dcb10789f2e98ee675c8560.jpg,https://img.ltwebstatic.com/images3_pi/2022/04/14/164990355294a59ad19c2ed356939ef6c71d87e149.jpg,https://img.ltwebstatic.com/images3_pi/2022/04/14/1649903554ba53abb642eafb8d635e904925cb93ba.jpg",,,,,,,,,,,"35 cm",,
,,,"MOTF PREMIUM 14K GOLD PLATED MINIMALIST CHAIN NECKLACE",,,,,"Gender:Women
Quantity:1 piece
Style:Elegant
Type:Chain Necklaces
Material:Stainless Steel
Color:Gold
Metals Type:K-Gold",,,,,,,,,,,,,,,,,"AU$10.95",,,,"https://img.ltwebstatic.com/images3_pi/2022/01/11/16418676512cfddc8877ee65fdc9be3eda9b084439.jpg,https://img.ltwebstatic.com/images3_pi/2022/03/04/164638738184b4029671c1250fed73db91f48a7f7a.jpg,https://img.ltwebstatic.com/images3_pi/2022/01/11/1641867656e6c1a9a93f3126a76e498cdddf5708f3.jpg,https://img.ltwebstatic.com/images3_pi/2022/03/04/1646387385576362a27e6857d268cc38c6e8c06733.jpg,https://img.ltwebstatic.com/images3_pi/2022/01/11/1641867649278d774a282a1e84367afdc3821cc266.jpg,https://img.ltwebstatic.com/images3_pi/2022/03/04/16463873874e40cd695011237ee6681a93af5a4244.jpg,https://img.ltwebstatic.com/images3_pi/2022/03/04/1646387389970600e32627ebba2ec5ec8d97981fa1.jpg,https://img.ltwebstatic.com/images3_pi/2022/01/11/16418676608f9f292e8569e452ab75fc338c2fe40c.jpg",,,,,,,,,,,"46 cm",,
,,,"MOTF PREMIUM 14K GOLD PLATED BALL PENDANT NECKLACE",,,,,"Gender:Women
Quantity:1 piece
Style:Fashionable
Type:Pendant Necklaces
Material:Stainless Steel
Color:Gold
Metals Type:K-Gold",,,,,,,,,,,,,,,,,"AU$10.95",,,,"https://img.ltwebstatic.com/images3_pi/2021/08/13/1628842430959f812d6ef304e838943cf349533fb2.jpg,https://img.ltwebstatic.com/images3_pi/2021/08/13/1628842432b055f09679a7100f62c35e0833c77884.jpg,https://img.ltwebstatic.com/images3_pi/2021/08/13/16288424340768acd725ed13bcad342b723f1f3335.jpg,https://img.ltwebstatic.com/images3_pi/2021/08/13/1628842436d3cd205c7e3283d7d16656f91a56f3a6.jpg,https://img.ltwebstatic.com/images3_pi/2021/08/13/1628842438ac2a9e772a389d43a885ef56936ac214.jpg,https://img.ltwebstatic.com/images3_pi/2021/08/13/1628842439f5c82b43e9df186a26763577626c7f39.jpg,https://img.ltwebstatic.com/images3_pi/2021/08/13/162884244193627bd6b1d1d51f54014d585e66d6cd.jpg",,,,,,,,,,,"42 cm",,
,,,"16K Gold Plated Zircon Heart Necklace",,,,,"Quantity:1 piece
Style:Fashionable
Details:Heart
Type:Pendant Necklaces
Material:Copper
Color:Gold
Metals Type:K-Gold
Metals Type:Artificial Zircon",,,,,,,,,,,,,,,,,"AU$8.95",,,,"https://img.ltwebstatic.com/images3_pi/2021/09/28/1632818508e6960e2aa6624273b9fa3cef6fbede8f.jpg,https://img.ltwebstatic.com/images3_pi/2021/12/08/16389529537d7dc363822986badd09e80fa440ad79.jpg,https://img.ltwebstatic.com/images3_pi/2021/09/28/1632818512a560d73ad643bef812cba38a359d0614.jpg,https://img.ltwebstatic.com/images3_pi/2021/12/08/1638952984070554fc43301b1b1afb8b26466d3897.jpg",,,,,,,,,,,"40 cm",,
,,,"2pcs 18K Gold Plated Bead Decor Necklace",,,,,"Gender:Women
Quantity:2 pcs
Style:Elegant
Material:Stainless Steel
Color:Gold
Metals Type:K-Gold",,,,,,,,,,,,,,,,,"AU$8.95",,,,"https://img.ltwebstatic.com/images3_pi/2022/03/17/164748248177e000dffa4bfd21651665ba8a09ad2f.jpg,https://img.ltwebstatic.com/images3_pi/2022/03/17/1647482483e567580721ecb7cc481fe7d424b31769.jpg,https://img.ltwebstatic.com/images3_pi/2022/03/17/1647482485de3883b7a4cf09db0c8f905a937e51d0.jpg",,,,,,,,,,,"40-45 cm",,
,,,"18K Gold Plated Butterfly Decor Layered Necklace",,,,,"Gender:Women
Quantity:1 piece
Style:Fashionable
Details:Butterfly
Type:Layer Sets
Magnetic:No
Material:Copper
Color:Gold
Metals Type:K-Gold",,,,,,,,,,,,,,,,,"AU$6.95",,,,"https://img.ltwebstatic.com/images3_pi/2022/04/21/16505209496b315ba40675956ca7ac1eb501c08a4f.jpg,https://img.ltwebstatic.com/images3_pi/2022/04/21/16505209508d70e2110e19cc57b87a2abefac81de7.jpg,https://img.ltwebstatic.com/images3_pi/2022/04/21/16505209517a930737edb38a50abc850db655c1d02.jpg,https://img.ltwebstatic.com/images3_pi/2022/04/21/1650520952a4175b6d28ebf8ef18fd851f8c0d25f5.jpg",,,,,,,,,,,"46-52 cm",,
,,,"18K Gold Plated Natural Pearl Beaded Necklace",,,,,"Gender:Women
Quantity:1 piece
Style:Elegant
Details:Beaded
Details:Pearls
Type:Beaded
Type:Chain Necklaces
Magnetic:No
Material:Natural Pearl
Color:White
Metals Type:Natural Pearl",,,,,,,,,,,,,,,,,"AU$8.95",,,,"https://img.ltwebstatic.com/images3_pi/2022/04/22/16506160655b16760c260adf3653d0a2871bba20bb.jpg,https://img.ltwebstatic.com/images3_pi/2022/04/22/16506160634cf0d7f9f1a605ff329671d7557e8b3a.jpg,https://img.ltwebstatic.com/images3_pi/2022/04/22/1650616069bde7892829d80c274dc762217ad505da.jpg,https://img.ltwebstatic.com/images3_pi/2022/04/22/1650616071cb9d3a05e779ef7c5ca00734ba2e198d.jpg",,,,,,,,,,,"38-44 cm",,
,,,"18K Gold Plated Zircon Decor Chain Necklace",,,,,"Gender:Women
Quantity:1 piece
Style:Glamorous
Type:Chain Necklaces
Magnetic:No
Material:Copper
Color:Gold
Metals Type:K-Gold
Metals Type:Artificial Zircon",,,,,,,,,,,,,,,,,"AU$8.95",,,,"https://img.ltwebstatic.com/images3_pi/2022/05/18/1652837811423089f140ce4922970448a815aacf79.jpg,https://img.ltwebstatic.com/images3_pi/2022/05/18/16528378122e3f94de6b6b0c3c0dbbb236e0071776.jpg,https://img.ltwebstatic.com/images3_pi/2022/05/18/1652837815e579ccab12d2eacee1a0489679942317.jpg,https://img.ltwebstatic.com/images3_pi/2022/05/18/1652837817d0d398b559d8702e441530edf10f17b8.jpg,https://img.ltwebstatic.com/images3_pi/2022/05/18/16528378185f602dff48a47e126b77896401da9b78.jpg",,,,,,,,,,,"41-46 cm",,
,,,"18K Gold Plated Ball Decor Layered Necklace",,,,,"Gender:Women
Quantity:1 piece
Style:Fashionable
Type:Layer Sets
Material:Copper
Color:Gold
Metals Type:K-Gold",,,,,,,,,,,,,,,,,"AU$7.95",,,,"https://img.ltwebstatic.com/images3_pi/2021/11/01/1635752686eeed65699a786d17ac68f101c6aeb0fe.jpg,https://img.ltwebstatic.com/images3_pi/2021/11/01/1635752693838d86086c1ecd048e42ace8355d622b.jpg,https://img.ltwebstatic.com/images3_pi/2021/11/01/16357526954a0744e0cf762e63e3e9214bc553ee18.jpg",,,,,,,,,,,"50 cm",,
,,,"18K Gold Plated Minimalist Necklace",,,,,"Gender:Women
Quantity:1 piece
Style:Fashionable
Type:Chain Necklaces
Material:Copper
Color:Gold
Metals Type:K-Gold",,,,,,,,,,,,,,,,,"AU$6.95",,,,"https://img.ltwebstatic.com/images3_pi/2021/12/28/1640660906f9d44690025ba0e58b2eda7f090a85b0.jpg,https://img.ltwebstatic.com/images3_pi/2021/12/28/1640660908e804c9a69e0a09daddff63791d1a50db.jpg,https://img.ltwebstatic.com/images3_pi/2021/12/28/164066090992f1dfc34d06e1f1bbf9a33b7d382f90.jpg,https://img.ltwebstatic.com/images3_pi/2021/12/28/1640660911db2b26f35b808a234951c5a375520d9b.jpg",,,,,,,,,,,"42 cm",,
,,,"14K Gold Plated Rhinestone Bird Charm Necklace",,,,,"Gender:Women
Quantity:1 piece
Style:Fashionable
Details:Animal
Details:Rhinestone
Type:Pendant Necklaces
Magnetic:No
Material:Stainless Steel
Color:Multicolor
Metals Type:K-Gold",,,,,,,,,,,,,,,,,"AU$8.95",,,,"https://img.ltwebstatic.com/images3_pi/2022/04/21/165052390226d29a96d859c069e37e23eebc6cb35f.jpg,https://img.ltwebstatic.com/images3_pi/2022/04/21/16505239034979f3f731cafa3b1f292147a6a2e2f8.jpg,https://img.ltwebstatic.com/images3_pi/2022/04/21/16505239054a6e1b0f38de2764b4a12f5edc92d8dd.jpg,https://img.ltwebstatic.com/images3_pi/2022/04/21/16505239073f6dbdfec457f81df7649ec7aa205bdc.jpg",,,,,,,,,,,"39.5-45.5 cm",,
,,,"18K Gold Plated Zircon Decor Necklace",,,,,"Gender:Women
Quantity:1 piece
Style:Fashionable
Details:Geometric
Type:Pendant Necklaces
Magnetic:No
Material:Copper
Color:Gold
Metals Type:K-Gold",,,,,,,,,,,,,,,,,"AU$6.95",,,,"https://img.ltwebstatic.com/images3_pi/2022/02/22/16454985389798671d011ad0ad17b239454fa1c119.jpg,https://img.ltwebstatic.com/images3_pi/2022/02/22/164549854118b20e33abb10bca5c859de236fd6bbf.jpg,https://img.ltwebstatic.com/images3_pi/2022/02/22/1645498544f523e2bd64475bcc8bb7124bf20888a1.jpg",,,,,,,,,,,"45-50 cm",,
,,,"18K Gold Plated Zircon Leopard Charm Necklace",,,,,"Gender:Women
Quantity:1 piece
Style:Fashionable
Details:Animal
Type:Pendant Necklaces
Material:Copper
Color:Gold
Metals Type:K-Gold",,,,,,,,,,,,,,,,,"AU$4.95",,,,"https://img.ltwebstatic.com/images3_pi/2022/02/28/16460159837bd3120293484a77cc5a3142daf83631.jpg,https://img.ltwebstatic.com/images3_pi/2022/02/28/1646015984ce330e5d439822bc264e96406669fc73.jpg,https://img.ltwebstatic.com/images3_pi/2022/02/28/1646015986c9f299bef2abd7240987f455caa71cb7.jpg,https://img.ltwebstatic.com/images3_pi/2022/02/28/1646015987c7fedeac1e223e6683438884c0d4913c.jpg",,,,,,,,,,,"45-50 cm",,
,,,"14K Gold Plated Round Charm Necklace",,,,,"Gender:Women
Quantity:1 piece
Style:Fashionable
Details:Round
Type:Pendant Necklaces
Material:Copper
Color:Gold
Metals Type:K-Gold",,,,,,,,,,,,,,,,,"AU$6.95",,,,"https://img.ltwebstatic.com/images3_pi/2021/07/22/1626940163accc5ecb3ced3d5bb04451234f7d165d.jpg,https://img.ltwebstatic.com/images3_pi/2021/07/22/162694016567c6c32e61b8b7a0cea68decb36682f3.jpg,https://img.ltwebstatic.com/images3_pi/2021/07/22/1626940167fdc54e0d55f7f411747e8f05f4ee962a.jpg",,,,,,,,,,,"40-45 cm",,
,,,"18K Gold Plated Geometric Charm Layered Necklace",,,,,"Gender:Women
Quantity:1 piece
Style:Fashionable
Details:Geometric
Type:Layer Sets
Material:Copper
Color:Gold
Metals Type:K-Gold",,,,,,,,,,,,,,,,,"AU$6.95",,,,"https://img.ltwebstatic.com/images3_pi/2021/12/06/1638789330b7e8593f92bff8899f2dad1b0f79c883.jpg,https://img.ltwebstatic.com/images3_pi/2021/12/06/16387893324be0e4c934b111e70c38d5c143426f24.jpg,https://img.ltwebstatic.com/images3_pi/2021/12/06/1638789333ab8b1a1f30a19b996b131fbbfaf58f2c.jpg,https://img.ltwebstatic.com/images3_pi/2021/12/06/1638789335e2f91235ad9e4a73744c22cb416d900d.jpg,https://img.ltwebstatic.com/images3_pi/2021/12/06/1638789336f7ead2fef5073b27e040eaa48f27cc0c.jpg,https://img.ltwebstatic.com/images3_pi/2021/12/06/1638789339b30c9d760c82f2301c31e5e7d4746b1a.jpg,https://img.ltwebstatic.com/images3_pi/2021/12/06/1638789340bef494cbb80cf5b460c83d0bd1f34ec1.jpg",,,,,,,,,,,"38-43 cm",,
,,,"2pcs 18K Gold Plated Minimalist Necklace",,,,,"Gender:Women
Quantity:2 pcs
Style:Elegant
Type:Chain Necklaces
Material:Stainless Steel
Color:Gold
Metals Type:K-Gold",,,,,,,,,,,,,,,,,"AU$6.95",,,,"https://img.ltwebstatic.com/images3_pi/2022/01/17/164238188271148587e17432f32ed1ed99a6868a15.jpg,https://img.ltwebstatic.com/images3_pi/2022/01/17/1642381884f60c7ce68088d057ddcafb42b0302f0c.jpg,https://img.ltwebstatic.com/images3_pi/2022/01/17/16423818866e629a3ba329b5181a7094a6fcef776d.jpg",,,,,,,,,,,"37-49 cm",,
,,,"White Gold Plated Flower Detail Oval Pendant Necklace",,,,,"Gender:Women
Quantity:1 piece
Style:Fashionable
Details:Flowers
Type:Pendant Necklaces
Magnetic:No
Material:Copper
Color:Multicolor
Metals Type:K-Gold",,,,,,,,,,,,,,,,,"AU$10.95",,,,"https://img.ltwebstatic.com/images3_pi/2022/04/21/1650511272925b42e7c326e4eaca1fcc645a5fc041.jpg,https://img.ltwebstatic.com/images3_pi/2022/04/21/1650511274abfb95d0f58790f4e72c3427706dd8f3.jpg,https://img.ltwebstatic.com/images3_pi/2022/04/21/165051127648b36147670fc7eb4fbbc925e3f13a1b.jpg,https://img.ltwebstatic.com/images3_pi/2022/04/21/1650511278492e8902ca69b2cad06928774369e6c0.jpg",,,,,,,,,,,"48-54 cm",,
,,,"Natural Pearl Necklace",,,,,"Gender:Women
Quantity:1 piece
Style:Elegant
Details:Pearls
Material:Natural Pearl
Color:Beige
Metals Type:Natural Pearl",,,,,,,,,,,,,,,,,"AU$6.95",,,,"https://img.ltwebstatic.com/images3_pi/2021/12/20/1639970499a53b0c74524ecd6c63677d4118df3b67.jpg,https://img.ltwebstatic.com/images3_pi/2021/12/20/163997050250b6ce7857006932803f3de0c5b52614.jpg,https://img.ltwebstatic.com/images3_pi/2021/12/20/16399705043155b5eac24b77ee3b0e7a20da16c81c.jpg",,,,,,,,,,,"37-43.5 cm",,
,,,"Gold Plated Zircon Round Zircon Charm Necklace",,,,,"Gender:Women
Quantity:1 piece
Style:Fashionable
Type:Pendant Necklaces
Material:Copper
Color:Gold
Metals Type:K-Gold",,,,,,,,,,,,,,,,,"AU$4.95",,,,"https://img.ltwebstatic.com/images3_pi/2022/04/08/164938935371255602267a9b3e9e1bfb0e74949e12.jpg,https://img.ltwebstatic.com/images3_pi/2022/04/08/1649389355abdae24c520b66a51dcc209c33c1b938.jpg,https://img.ltwebstatic.com/images3_pi/2022/04/08/1649389357c1b9c1afb9b8206587d296f587e0ba11.jpg,https://img.ltwebstatic.com/images3_pi/2022/04/08/1649389358ac09d72f504117288ff9eb8179b071fc.jpg",,,,,,,,,,,"42-48 cm",,
,,,"14K Gold Plated Zircon Charm Necklace",,,,,"Gender:Women
Quantity:1 piece
Style:Fashionable
Type:Pendant Necklaces
Material:Stainless Steel
Color:Multicolor
Metals Type:K-Gold",,,,,,,,,,,,,,,,,"AU$5.95",,,,"https://img.ltwebstatic.com/images3_pi/2021/11/30/1638249571aa42d45d36bd0831615f6a5fec7b4f70.jpg,https://img.ltwebstatic.com/images3_pi/2021/11/30/1638249572dd850d67c90537fd4e0da04889cb1f94.jpg,https://img.ltwebstatic.com/images3_pi/2021/11/30/16382495741b5e7b12613f8f5b5c52654cdbd5a4df.jpg",,,,,,,,,,,"43-48 cm",,
,,,"14K Gold Plated Buckle Decor Choker",,,,,"Gender:Women
Quantity:1 piece
Style:Fashionable
Type:Chokers
Material:Stainless Steel
Color:Gold
Metals Type:K-Gold",,,,,,,,,,,,,,,,,"AU$5.95",,,,"https://img.ltwebstatic.com/images3_pi/2021/09/02/16305825820eca226ccdfd097307e2f63128f60c78.jpg,https://img.ltwebstatic.com/images3_pi/2021/09/02/16305825848612e67295aff85e910dc19e65c96305.jpg,https://img.ltwebstatic.com/images3_pi/2021/09/02/1630582585634d1ff7409331811f512382eba93d4b.jpg",,,,,,,,,,,"33-38 cm",,
,,,"Zircon Clover Pendant Necklace",,,,,"Gender:Women
Quantity:1 piece
Style:Fashionable
Type:Pendant Necklaces
Material:Copper
Color:Antique Silver
Metals Type:K-Gold",,,,,,,,,,,,,,,,,"AU$4.95",,,,"https://img.ltwebstatic.com/images3_pi/2021/09/22/163230392453ea1d7d2bab7e3490b321b6b319a6a5.jpg,https://img.ltwebstatic.com/images3_pi/2021/09/22/1632303926297df54aaa28dbbf8b722f6437987d88.jpg,https://img.ltwebstatic.com/images3_pi/2021/09/22/163230392913097f4ed84238a29c40b61e5e675382.jpg,https://img.ltwebstatic.com/images3_pi/2021/09/22/163230393061ba883b95ffc77b92b296e517bd0010.jpg,https://img.ltwebstatic.com/images3_pi/2021/09/22/16323039348e79e832d4bb4f3a877b5ecaf220b477.jpg",,,,,,,,,,,"38 cm",,
,,,"18K Gold Plated Minimalist Chain Necklace",,,,,"Gender:Women
Quantity:1 piece
Style:Elegant
Type:Chain Necklaces
Material:Copper
Color:Gold
Metals Type:K-Gold",,,,,,,,,,,,,,,,,"AU$4.95",,,,"https://img.ltwebstatic.com/images3_pi/2022/04/22/16506223815f34ffa69c3d507097270a419d82bad5.jpg,https://img.ltwebstatic.com/images3_pi/2022/04/22/165062238229ca18ed4e429aab5437f40f9818e2bf.jpg,https://img.ltwebstatic.com/images3_pi/2022/04/22/1650622383ae24f037d31248fccff1963e041e7766.jpg,https://img.ltwebstatic.com/images3_pi/2022/04/22/1650622384e9b7ed3d438f27d2e9d4424db8796402.jpg,https://img.ltwebstatic.com/images3_pi/2022/04/22/1650622388ea912e9dcf488b1c98dbed14630771c8.jpg",,,,,,,,,,,"48-54 cm",,
,,,"18K Gold Plated Zircon Circle Pendant Necklace",,,,,"Gender:Women
Quantity:1 piece
Style:Fashionable
Details:Rhinestone
Type:Pendant Necklaces
Type:Layer Sets
Material:Copper
Color:Gold
Metals Type:K-Gold",,,,,,,,,,,,,,,,,"AU$5.95",,,,"https://img.ltwebstatic.com/images3_pi/2021/12/25/16404246465ab09f56392a8e2c98985271fdbbadbc.jpg,https://img.ltwebstatic.com/images3_pi/2021/12/25/164042464942f1b8c2d8362d382de637ecce19acc0.jpg,https://img.ltwebstatic.com/images3_pi/2021/12/25/1640424651dc9d78a7c1e8b6fd3e1b0fdefaae1594.jpg,https://img.ltwebstatic.com/images3_pi/2021/12/25/16404246539c327ff2309762ec694ec1a2b802bb91.jpg,https://img.ltwebstatic.com/images3_pi/2021/12/25/1640424655cbe7d8918bffbfb63fb076f583965d54.jpg,https://img.ltwebstatic.com/images3_pi/2021/12/25/16404246575dd60820335825ca5f7e57078022dbed.jpg",,,,,,,,,,,"38-43 cm",,
,,,"18K Gold Plated Minimalist Chain Necklace",,,,,"Gender:Women
Quantity:1 piece
Style:Fashionable
Type:Chain Necklaces
Magnetic:No
Material:Stainless Steel
Color:Gold
Metals Type:K-Gold",,,,,,,,,,,,,,,,,"AU$5.95",,,,"https://img.ltwebstatic.com/images3_pi/2022/03/18/1647575775e6d7544f22a9c8b2c95b65a69972e4e4.jpg,https://img.ltwebstatic.com/images3_pi/2022/03/18/16475757766bec4076e0a89d5b25791442c3dcd168.jpg,https://img.ltwebstatic.com/images3_pi/2022/03/18/164757577815b172b86aadbac0a4535257da8df8bd.jpg",,,,,,,,,,,"67 cm",,
,,,"18k Gold Plated Faux Pearl Charm Layered Necklace",,,,,"Gender:Women
Quantity:1 piece
Details:Pearls
Type:Layer Sets
Material:Stainless Steel
Color:Gold
Metals Type:K-Gold
Metals Type:Natural Pearl",,,,,,,,,,,,,,,,,"AU$4.95",,,,"https://img.ltwebstatic.com/images3_pi/2021/09/07/16310107844610446011e8cde1213e76c8c0346386.jpg,https://img.ltwebstatic.com/images3_pi/2021/09/07/16310107864f82c81808d2af6778621ee23da59a0f.jpg,https://img.ltwebstatic.com/images3_pi/2021/09/07/16310107875736696e467af56e01a78909162759eb.jpg",,,,,,,,,,,"46 cm",,
,,,"18K Gold Plated Necklace",,,,,"Gender:Women
Quantity:1 piece
Style:Fashionable
Material:Copper
Color:Multicolor
Metals Type:K-Gold",,,,,,,,,,,,,,,,,"AU$4.95",,,,"https://img.ltwebstatic.com/images3_pi/2021/11/12/1636713113372cdf9548075c2f7031e53563cd12f3.jpg,https://img.ltwebstatic.com/images3_pi/2021/11/12/1636713115f1750dd331e8f47e8ead355a123a0f7a.jpg,https://img.ltwebstatic.com/images3_pi/2021/11/12/16367131179864d44be3bd4984a85c36eb2bb483a2.jpg",,,,,,,,,,,"41 cm",,
,,,"18K Gold Plated Bee Charm Necklace",,,,,"Gender:Women
Quantity:1 piece
Style:Fashionable
Details:Animal
Details:Rhinestone
Type:Pendant Necklaces
Material:Copper
Color:Gold
Metals Type:K-Gold",,,,,,,,,,,,,,,,,"AU$4.95",,,,"https://img.ltwebstatic.com/images3_pi/2021/12/06/1638761606fd718a07d75d978f0dbce5cc5520d41b.jpg,https://img.ltwebstatic.com/images3_pi/2021/12/06/1638761618e305c8c747337fd852f7d1c89b56f5e5.jpg,https://img.ltwebstatic.com/images3_pi/2021/12/06/1638761608897eb2d20400a6d187176f93af6b788e.jpg",,,,,,,,,,,"40-45 cm",,
,,,"18K Gold Plated Zircon Decor Necklace",,,,,"Gender:Women
Quantity:1 piece
Style:Fashionable
Type:Chain Necklaces
Material:Stainless Steel
Color:Multicolor
Metals Type:K-Gold
Metals Type:Artificial Zircon",,,,,,,,,,,,,,,,,"AU$7.95",,,,"https://img.ltwebstatic.com/images3_pi/2022/04/24/1650789016a51391c69d1bc3dc26d4c6a56030fcfc.jpg,https://img.ltwebstatic.com/images3_pi/2022/04/24/165078901773058c33c828e7673f6214fee2fe0259.jpg,https://img.ltwebstatic.com/images3_pi/2022/04/24/16507890196446ad62ec716c272c8cf17be6412595.jpg,https://img.ltwebstatic.com/images3_pi/2022/04/24/1650789020fcb9e113ca91b09d4acb0479677d6684.jpg,https://img.ltwebstatic.com/images3_pi/2022/04/24/165078902133c1e7591f75b4d9a16608cc225bddcb.jpg,https://img.ltwebstatic.com/images3_pi/2022/04/24/16507890237e0b7392f4dbbe6f66ce2a62b842bdf4.jpg",,,,,,,,,,,"45-50 cm",,
,,,"14K Gold Plated Geometric Pendant Necklace",,,,,"Gender:Women
Quantity:1 piece
Style:Fashionable
Details:Geometric
Type:Pendant Necklaces
Type:Layer Sets
Material:Stainless Steel
Color:Gold
Metals Type:K-Gold",,,,,,,,,,,,,,,,,"AU$4.95",,,,"https://img.ltwebstatic.com/images3_pi/2021/12/10/1639103039a2b1c953eba6d341721fad5dd9b4e2e3.jpg,https://img.ltwebstatic.com/images3_pi/2021/12/10/163910304118c85cd75199e04a8488c24faa2432a0.jpg",,,,,,,,,,,"38-43 cm",,
,,,"White Gold Plated Heart Pendant Necklace",,,,,"Gender:Women
Quantity:1 piece
Style:Fashionable
Details:Heart
Type:Pendant Necklaces
Material:Copper
Color:Silver
Metals Type:K-Gold",,,,,,,,,,,,,,,,,"AU$4.95",,,,"https://img.ltwebstatic.com/images3_pi/2022/04/28/1651109650cde6d060e71f1e9bbb1b51d7fde0317c.jpg,https://img.ltwebstatic.com/images3_pi/2022/04/28/16511096510a8855fa3025ae4d51b2e80e28049675.jpg,https://img.ltwebstatic.com/images3_pi/2022/04/28/1651109652d6c8a99e2a1ae3dee697b38995fcccf0.jpg,https://img.ltwebstatic.com/images3_pi/2022/04/28/1651109653806491c19bfb4bfe19dcb6583907cb33.jpg",,,,,,,,,,,"40-45 cm",,
,,,"18K Gold Plated Lotus Charm Necklace",,,,,"Gender:Women
Quantity:1 piece
Style:Fashionable
Details:Round
Type:Pendant Necklaces
Material:Copper
Color:Gold
Metals Type:K-Gold",,,,,,,,,,,,,,,,,"AU$4.95",,,,"https://img.ltwebstatic.com/images3_pi/2021/12/30/16408421381da585f3e8e54b9cc231303c25674494.jpg,https://img.ltwebstatic.com/images3_pi/2021/12/30/1640842140bf72b74be203667363cd705cfb56f6af.jpg,https://img.ltwebstatic.com/images3_pi/2021/12/30/16408421438ad3d78da0d629356bd0f6df182f7d50.jpg",,,,,,,,,,,"45-50 cm",,
,,,"18K Gold Plated Eye Detail Necklace",,,,,"Gender:Women
Quantity:1 piece
Style:Fashionable
Material:Copper Alloy
Color:Multicolor
Metals Type:K-Gold",,,,,,,,,,,,,,,,,"AU$4.95",,,,"https://img.ltwebstatic.com/images3_pi/2022/01/15/1642229145118df6c4a7e30de8ef3f43addc67948c.jpg,https://img.ltwebstatic.com/images3_pi/2022/01/15/1642229146a35bf124f3bba3c4f92e890932274c80.jpg,https://img.ltwebstatic.com/images3_pi/2022/01/15/164222914759adde2ba7f7997297e9962825802dbb.jpg",,,,,,,,,,,"42 cm",,
,,,"Rhinestone Flower Charm Necklace",,,,,"Gender:Women
Quantity:1 piece
Style:Fashionable
Details:Flowers
Details:Rhinestone
Type:Pendant Necklaces
Material:Copper
Color:Silver
Metals Type:Artificial Zircon",,,,,,,,,,,,,,,,,"AU$4.95",,,,"https://img.ltwebstatic.com/images3_pi/2022/03/30/1648607390efd8f768eec09b21268e1fcec51b8b74.jpg,https://img.ltwebstatic.com/images3_pi/2022/03/30/16486074011a45a0c2d5b4a79361741dcbceed7fcb.jpg,https://img.ltwebstatic.com/images3_pi/2022/03/30/1648607405831c4bbb32e64c2c8e79d29d2f0aae7e.jpg",,,,,,,,,,,"44 cm",,
,,,"18K Gold Plated Minimalist Chain Necklace",,,,,"Gender:Women
Quantity:1 piece
Style:Fashionable
Type:Chain Necklaces
Material:Stainless Steel
Color:Gold
Metals Type:K-Gold",,,,,,,,,,,,,,,,,"AU$4.95",,,,"https://img.ltwebstatic.com/images3_pi/2022/04/21/1650520759dbbf42b4487ebff4b8032ac5559ba7d8.jpg,https://img.ltwebstatic.com/images3_pi/2022/04/21/165052076162ca7b1cc5cc1dd92b48e2c7387a4a78.jpg,https://img.ltwebstatic.com/images3_pi/2022/04/21/1650520762789f194f90d15710b3028b6977fc80ca.jpg,https://img.ltwebstatic.com/images3_pi/2022/04/21/1650520763779f78bed9e160824e0ab628338f83b5.jpg",,,,,,,,,,,"45.5 cm",,
,,,"14K Gold Plated Minimalist Necklace",,,,,"Gender:Men
Gender:Women
Quantity:1 piece
Style:Fashionable
Material:Stainless Steel
Color:Gold
Metals Type:K-Gold",,,,,,,,,,,,,,,,,"AU$4.95",,,,"https://img.ltwebstatic.com/images3_pi/2021/10/14/1634178752eb9a8584caf760937e22c679792663f0.jpg,https://img.ltwebstatic.com/images3_pi/2021/10/14/1634178754927aa89e5e10d4d0a572c784761c3a00.jpg,https://img.ltwebstatic.com/images3_pi/2021/10/14/1634178756d87daa21c4bc57ab1d2bd11f4f127ae4.jpg",,,,,,,,,,,"40-45 cm",,
,,,"18K Gold Plated Letter Graphic Geo Charm Necklace",,,,,"Gender:Women
Quantity:1 piece
Style:Fashionable
Details:Geometric
Type:Pendant Necklaces
Material:Copper
Color:Gold
Metals Type:K-Gold",,,,,,,,,,,,,,,,,"AU$3.95",,,,"https://img.ltwebstatic.com/images3_pi/2021/12/17/1639706540e4987bbd0f5cba13b06e512efd631d47.jpg,https://img.ltwebstatic.com/images3_pi/2021/10/25/16351447653f6395882c2bb7091df9d07221eee884.jpg,https://img.ltwebstatic.com/images3_pi/2021/10/25/16351447672d57adb6b3a237406dd722d11b175c7b.jpg,https://img.ltwebstatic.com/images3_pi/2021/12/17/1639706543a7a5086991e897560d13d7f5917595c8.jpg",,,,,,,,,,,"45-50 cm",,
,,,"18K Gold Plated Butterfly Charm Necklace",,,,,"Quantity:1 piece
Details:Butterfly
Type:Pendant Necklaces
Material:Copper
Color:Gold
Metals Type:K-Gold",,,,,,,,,,,,,,,,,"AU$4.95",,,,"https://img.ltwebstatic.com/images3_pi/2021/10/28/16354145718c13847737517f81d508135f961ef1ca.jpg,https://img.ltwebstatic.com/images3_pi/2021/10/28/1635414574d5097b598162cca0e9ef89a9e0c8a51b.jpg,https://img.ltwebstatic.com/images3_pi/2021/10/28/163541457509ffac90f9b2a95f44c975f047580c2e.jpg",,,,,,,,,,,"45-50 cm",,
,,,"18K Gold Plated Letter Charm Necklace",,,,,"Gender:Women
Quantity:1 piece
Style:Fashionable
Details:Letter
Details:Rhinestone
Type:Pendant Necklaces
Material:Copper
Color:Gold
Metals Type:K-Gold",,,,,,,,,,,,,,,,,"AU$4.95",,,,"https://img.ltwebstatic.com/images3_pi/2022/03/01/1646117573d466079d846a1159742baacb840a49a4.jpg,https://img.ltwebstatic.com/images3_pi/2022/03/01/16461175749591d39993ce447c58346df99a315ffa.jpg,https://img.ltwebstatic.com/images3_pi/2022/03/01/1646117575038ea5609b641d318bb6987723fcbd86.jpg",,,,,,,,,,,"40-45 cm",,
,,,"18K Gold Plated Minimalist Necklace",,,,,"Gender:Women
Quantity:1 piece
Style:Glamorous
Details:Round
Type:Chain Necklaces
Material:Stainless Steel
Color:Gold
Metals Type:K-Gold",,,,,,,,,,,,,,,,,"AU$4.95",,,,"https://img.ltwebstatic.com/images3_pi/2021/11/10/1636535771f3eceeab785e156f7bd0c25d3950ff7f.jpg,https://img.ltwebstatic.com/images3_pi/2021/11/10/163653577467279a3e73e45bf2362022fc13706326.jpg,https://img.ltwebstatic.com/images3_pi/2021/11/10/163653577932b62d5e51eadf1bb98b576f0b4be360.jpg,https://img.ltwebstatic.com/images3_pi/2021/11/10/16365357832ced98d8e91d38250b282d39e6137514.jpg,https://img.ltwebstatic.com/images3_pi/2021/11/10/163653578717c0872c283a9470bb1841a01772f7f5.jpg",,,,,,,,,,,"47.5 cm",,
,,,"18K Gold Plated Zircon Heart & Flower Charm Necklace",,,,,"Gender:Women
Quantity:1 piece
Style:Fashionable
Details:Flowers
Details:Heart
Type:Pendant Necklaces
Material:Copper
Color:Gold
Metals Type:K-Gold
Metals Type:Artificial Zircon",,,,,,,,,,,,,,,,,"AU$5.95",,,,"https://img.ltwebstatic.com/images3_pi/2022/04/22/16506223058083718157d50b8f651aed2cd6bb7535.jpg,https://img.ltwebstatic.com/images3_pi/2022/04/22/1650622307e395d5a3bbcb3f2df3f273aa4211dcad.jpg,https://img.ltwebstatic.com/images3_pi/2022/04/22/1650622308b76d31bc783b76b6399f6da1a82062b2.jpg",,,,,,,,,,,"40-45 cm",,
,,,"18K Gold Plated Butterfly Charm Necklace",,,,,"Gender:Women
Quantity:1 piece
Style:Fashionable
Details:Pearls
Details:Butterfly
Type:Pendant Necklaces
Material:Stainless Steel
Color:Gold
Metals Type:K-Gold",,,,,,,,,,,,,,,,,"AU$6.95",,,,"https://img.ltwebstatic.com/images3_pi/2022/03/07/16466405609dac2ee29be6508842816306d16cc62a.jpg,https://img.ltwebstatic.com/images3_pi/2022/03/07/16466405621503801511f3d6b2b5f853c76c807c55.jpg,https://img.ltwebstatic.com/images3_pi/2022/03/07/1646640563546bfb2e7e843b1d548ad99018847d79.jpg",,,,,,,,,,,"39-44 cm",,
,,,"18K Gold Plated Zircon Decor Chain Necklace",,,,,"Gender:Women
Quantity:1 piece
Style:Fashionable
Details:Round
Type:Pendant Necklaces
Magnetic:No
Material:Stainless Steel
Color:Gold
Metals Type:Zircon
Metals Type:K-Gold",,,,,,,,,,,,,,,,,"AU$5.95",,,,"https://img.ltwebstatic.com/images3_pi/2022/02/17/16450637834e7f4d93de4f58f2a9a786dd851359c6.jpg,https://img.ltwebstatic.com/images3_pi/2022/02/17/1645063784efe671abd8a9734d344f082eab197f9f.jpg,https://img.ltwebstatic.com/images3_pi/2022/02/17/164506378561f1ff49f495f3549b212533d6519e84.jpg",,,,,,,,,,,"40-44.5 cm",,
,,,"18K Gold Plated Geometric Decor Necklace",,,,,"Gender:Women
Quantity:1 piece
Style:Fashionable
Details:Geometric
Type:Pendant Necklaces
Material:Stainless Steel
Color:Gold
Metals Type:K-Gold",,,,,,,,,,,,,,,,,"AU$5.95",,,,"https://img.ltwebstatic.com/images3_pi/2021/12/13/16393661301d6a21a53a9d0f8ed0d4c30557bb6a2b.jpg,https://img.ltwebstatic.com/images3_pi/2021/12/13/16393661351a94c06302bdf20f81cec64cb64ca532.jpg,https://img.ltwebstatic.com/images3_pi/2021/12/13/1639366137651ce2f96c5f5c69ad9002f2521ef29a.jpg,https://img.ltwebstatic.com/images3_pi/2021/12/13/16393661445639d76615f7fbcd054ab4bfcb6d3696.jpg,https://img.ltwebstatic.com/images3_pi/2021/12/13/16393661482bc09ef50c27bda7bcf66049a74b63f5.jpg",,,,,,,,,,,"45 cm",,
,,,"MOTF PREMIUM 14K GOLD PLATED LAYERED NECKLACE",,,,,"Gender:Women
Quantity:1 piece
Style:Fashionable
Type:Layer Sets
Material:Stainless Steel
Color:Gold
Metals Type:K-Gold",,,,,,,,,,,,,,,,,"AU$10.95",,,,"https://img.ltwebstatic.com/images3_pi/2021/11/22/1637546828d83debd2cafbc2b2b1b66dff7e7a8ac5.jpg,https://img.ltwebstatic.com/images3_pi/2021/11/22/1637546830939d79a882db67d72b231dc4313de3fb.jpg,https://img.ltwebstatic.com/images3_pi/2021/11/22/1637546833e6cfa334b9fdf7822aa2e39401f67c7a.jpg,https://img.ltwebstatic.com/images3_pi/2021/11/22/16375468353eb78ebb8cdc6c15b8f96ff602b7c4d1.jpg,https://img.ltwebstatic.com/images3_pi/2021/11/22/1637546837d4d54112183b05cc716f18ef47010dcf.jpg,https://img.ltwebstatic.com/images3_pi/2021/11/22/1637546839d9a246c1dad0fabfb0197a44bf5dfe1e.jpg",,,,,,,,,,,"45 cm",,
,,,"Rhinestone Detail Rose Pendant Necklace",,,,,"Gender:Women
Quantity:1 piece
Style:Fashionable
Details:Rhinestone
Type:Pendant Necklaces
Material:Copper
Color:Gold
Metals Type:Zircon
Metals Type:K-Gold",,,,,,,,,,,,,,,,,"AU$3.95",,,,"https://img.ltwebstatic.com/images3_pi/2021/10/26/1635229326a882f3397762913772397582acb70246.jpg,https://img.ltwebstatic.com/images3_pi/2021/10/26/1635229339e0cc352c58f51040a97fa759f865727c.jpg,https://img.ltwebstatic.com/images3_pi/2021/10/26/1635229363fac6b8a4eacab5ef163f1983523b2e8b.jpg,https://img.ltwebstatic.com/images3_pi/2021/10/26/163522938478064fde6e16c45f2bd00f20281fb3d3.jpg",,,,,,,,,,,"55 cm",,
,,,"Natural Pearl Decor Figure Detail Round Charm Necklace",,,,,"Gender:Women
Quantity:1 piece
Style:Fashionable
Details:Pearls
Type:Beaded
Type:Pendant Necklaces
Magnetic:No
Material:Natural Pearl
Color:Multicolor
Metals Type:K-Gold",,,,,,,,,,,,,,,,,"AU$10.95",,,,"https://img.ltwebstatic.com/images3_pi/2022/04/20/1650439461fccfa17f83e882f861f9d1f3424e1924.jpg,https://img.ltwebstatic.com/images3_pi/2022/04/20/1650439464c2868f61fefc8d8744cd6cba10841fdb.jpg,https://img.ltwebstatic.com/images3_pi/2022/04/20/16504394654dd664fae4b63121e8b3a6e43d601e33.jpg,https://img.ltwebstatic.com/images3_pi/2022/04/20/16504394673a8f69d7fb5381615cf24e4c31b7cfbb.jpg,https://img.ltwebstatic.com/images3_pi/2022/04/20/1650439468ae7a4a239f449fdd786980878272f8dc.jpg",,,,,,,,,,,"32-37.5 cm",,
,,,"18K Gold Plated Necklace",,,,,"Gender:Women
Quantity:1 piece
Style:Elegant
Type:Chain Necklaces
Material:Copper
Color:Gold
Metals Type:K-Gold",,,,,,,,,,,,,,,,,"AU$3.95",,,,"https://img.ltwebstatic.com/images3_pi/2021/10/15/16342873246f5a3ebaad5c833d5315b0f0ebe3ff08.jpg,https://img.ltwebstatic.com/images3_pi/2021/10/15/16342873261326fb5a58beb28ea01d58a13a34254f.jpg,https://img.ltwebstatic.com/images3_pi/2021/10/15/1634287329c361522f0132cca9a3332d4a41c36ad2.jpg",,,,,,,,,,,"40-45 cm",,
,,,"18K Gold Plated Y-lariat Necklace",,,,,"Gender:Women
Quantity:1 piece
Style:Elegant
Type:Y-Necks + Lariats
Material:Copper
Color:Gold
Metals Type:K-Gold",,,,,,,,,,,,,,,,,"AU$4.95",,,,"https://img.ltwebstatic.com/images3_pi/2021/12/22/164016705568dbad5a345ab18061b757e19501b6b2.jpg,https://img.ltwebstatic.com/images3_pi/2021/12/06/1638789363a0ad49103cfbce11ad484400ef9f736e.jpg,https://img.ltwebstatic.com/images3_pi/2021/12/22/164016705714f686d62a165a753c19554e5c4c362b.jpg,https://img.ltwebstatic.com/images3_pi/2021/12/22/1640167058bfc7ee94e640c7fbe37c9475086d5d39.jpg,https://img.ltwebstatic.com/images3_pi/2021/12/06/16387893641703bb533873a1efff1f8c67bf69d065.jpg",,,,,,,,,,,"40-45 cm",,
,,,"18K Gold Plated Letter Charm Necklace",,,,,"Gender:Women
Quantity:1 piece
Style:Fashionable
Details:Heart
Details:Letter
Type:Pendant Necklaces
Material:Copper
Color:Gold
Metals Type:K-Gold",,,,,,,,,,,,,,,,,"AU$4.95",,,,"https://img.ltwebstatic.com/images3_pi/2022/03/07/164661791262a774a81bd3ac3d6b7ec77f9cf63ff8.jpg,https://img.ltwebstatic.com/images3_pi/2022/03/07/164661791326f140ee1a5a11c5e74b8d36ab5db2de.jpg,https://img.ltwebstatic.com/images3_pi/2022/03/07/1646617914c0ce8ce34fecefe329f709cab616de39.jpg",,,,,,,,,,,"40-45 cm",,
,,,"18K Gold Plated Chain Necklace",,,,,"Gender:Women
Quantity:1 piece
Style:Fashionable
Type:Chain Necklaces
Material:Copper
Color:Gold
Metals Type:K-Gold",,,,,,,,,,,,,,,,,"AU$4.95",,,,"https://img.ltwebstatic.com/images3_pi/2021/12/07/163885870777e331cef50f157dea42f0629b14c60d.jpg,https://img.ltwebstatic.com/images3_pi/2021/12/07/16388587107c29b92c0ab08710e9896e552d431a90.jpg,https://img.ltwebstatic.com/images3_pi/2021/12/07/1638858713440512400e1fc6729d39dd0707b6764c.jpg",,,,,,,,,,,"46 cm",,
,,,"18K Gold Plated Minimalist Necklace",,,,,"Gender:Women
Quantity:1 piece
Style:Fashionable
Material:Copper
Color:Gold
Metals Type:K-Gold",,,,,,,,,,,,,,,,,"AU$3.95",,,,"https://img.ltwebstatic.com/images3_pi/2022/02/28/1646015228377a25d84fdb4ea07dcc8d5f985645b0.jpg,https://img.ltwebstatic.com/images3_pi/2022/02/28/16460152315ad54fd9f9d4e583778a0454b4259743.jpg,https://img.ltwebstatic.com/images3_pi/2022/02/28/1646015232fc474c3440f0507c5d6686ffe8b7d504.jpg,https://img.ltwebstatic.com/images3_pi/2022/02/28/16460152349c9111b962fbe0b439110a842095bde1.jpg",,,,,,,,,,,"45 cm",,
,,,"14K Gold Plated Natural Pearl & Heart Decor Necklace",,,,,"Gender:Women
Quantity:1 piece
Style:Fashionable
Details:Heart
Type:Beaded
Material:Natural Pearl
Color:Multicolor
Metals Type:K-Gold",,,,,,,,,,,,,,,,,"AU$20.95",,,,"https://img.ltwebstatic.com/images3_pi/2022/04/14/16499164439230f2a1ee4b0694fd34128b86ad2105.jpg,https://img.ltwebstatic.com/images3_pi/2022/04/14/16499164457380904f17f967e744e71998def7de95.jpg,https://img.ltwebstatic.com/images3_pi/2022/04/14/1649916446b98b0ab29ad3c9b9a3340d61f17b09a4.jpg",,,,,,,,,,,"43 cm",,
,,,"Rhinestone Detail Four Leaf Clover Pendant Necklace",,,,,"Gender:Women
Quantity:1 piece
Style:Fashionable
Details:Rhinestone
Type:Pendant Necklaces
Material:Copper
Color:Purple
Metals Type:Zircon",,,,,,,,,,,,,,,,,"AU$3.95",,,,"https://img.ltwebstatic.com/images3_pi/2021/10/15/1634260932971ef04db138a9ad6a8722489d34e0e8.jpg,https://img.ltwebstatic.com/images3_pi/2021/10/15/1634260933e87476737efee3b7e64c3a8dfc76d542.jpg,https://img.ltwebstatic.com/images3_pi/2021/10/15/1634260935884e449f0c6b6e9f38fed955122e1387.jpg",,,,,,,,,,,"45 cm",,
,,,"18K Gold Plated Zircon Eye Pendant Necklace",,,,,"Gender:Women
Quantity:1 piece
Style:Fashionable
Type:Pendant Necklaces
Material:Copper
Color:Gold
Metals Type:Zircon",,,,,,,,,,,,,,,,,"AU$3.95",,,,"https://img.ltwebstatic.com/images3_pi/2021/12/27/16406049375f13ac24a15f1db09dfd186aff9035fd.jpg,https://img.ltwebstatic.com/images3_pi/2021/12/27/1640604939e310542b6df759851a47a7d665194cda.jpg,https://img.ltwebstatic.com/images3_pi/2021/12/27/16406049410ef8d5ea1c239b91facb8e0ae44fd524.jpg",,,,,,,,,,,"40-45 cm",,
,,,"18K Gold Plated Angel Charm Necklace",,,,,"Gender:Women
Quantity:1 piece
Style:Fashionable
Details:Round
Type:Pendant Necklaces
Material:Stainless Steel
Color:Gold
Metals Type:K-Gold",,,,,,,,,,,,,,,,,"AU$3.95",,,,"https://img.ltwebstatic.com/images3_pi/2021/12/22/1640143398b696b6454a7a5b460d63e6457c1b9b84.jpg,https://img.ltwebstatic.com/images3_pi/2021/12/22/16401433994e2dd3feef2ccb7d562666f92429f851.jpg,https://img.ltwebstatic.com/images3_pi/2021/12/22/16401434019715d48d4527a4d92ed46bd56d26240c.jpg",,,,,,,,,,,"41-46 cm",,
,,,"14K Gold Plated Minimalist Necklace",,,,,"Gender:Women
Quantity:1 piece
Style:Elegant
Type:Chain Necklaces
Material:Stainless Steel
Color:Gold
Metals Type:K-Gold",,,,,,,,,,,,,,,,,"AU$3.95",,,,"https://img.ltwebstatic.com/images3_pi/2022/03/02/1646191465ac1b9b312b4c701cf88ba31e9f67ef88.jpg,https://img.ltwebstatic.com/images3_pi/2022/03/02/164619146890ed77844002af02c656a66e5c53b66a.jpg,https://img.ltwebstatic.com/images3_pi/2022/03/02/16461914719d8049c48c5ec0d4ae146b8d0a82f6d1.jpg,https://img.ltwebstatic.com/images3_pi/2022/03/02/16461914741f9c889f3b355a1097538fc8f2487529.jpg",,,,,,,,,,,"41-46 cm",,